review_id,path,face_index,crop,existing_people,box_x,box_y,box_w,box_h,applied_w,applied_h,area,notes
P003,Day 1/rachelzachday1-118.jpg,02,metadata/identity-review/partial-crops/P003-day-1-rachelzachday1-118--face-02.jpg,Bob P,0.876830,0.144530,0.121700,0.083980,4037,6053,0.010220,tagged photo has an additional visible unnamed face
P002,Day 1/rachelzachday1-93.jpg,02,metadata/identity-review/partial-crops/P002-day-1-rachelzachday1-93--face-02.jpg,Parker,0.809890,0.029300,0.160160,0.120120,7465,9953,0.019238,tagged photo has an additional visible unnamed face
P004,Day 1/rachelzachday1-152.jpg,02,metadata/identity-review/partial-crops/P004-day-1-rachelzachday1-152--face-02.jpg,Pat Burton; Robbie; Scotty P,0.592780,0.276720,0.118160,0.177160,6962,4644,0.020933,tagged photo has an additional visible unnamed face
P005,Day 1/rachelzachday1-160.jpg,02,metadata/identity-review/partial-crops/P005-day-1-rachelzachday1-160--face-02.jpg,Sean Morse,0.121520,0.278320,0.136160,0.090820,4846,7265,0.012366,tagged photo has an additional visible unnamed face
P001,Day 1/rachelzachday1-83.jpg,01,metadata/identity-review/partial-crops/P001-day-1-rachelzachday1-83--face-01.jpg,Adam Brown,0.207295,0.840820,0.195570,0.146480,8302,11070,0.028647,tagged photo has an additional visible unnamed face
P007,Day 1/rachelzachday1-169.jpg,02,metadata/identity-review/partial-crops/P007-day-1-rachelzachday1-169--face-02.jpg,Taylor Noyer,0.282580,0.131835,0.184480,0.123050,4315,6469,0.022700,tagged photo has an additional visible unnamed face
P006,Day 1/rachelzachday1-162.jpg,03,metadata/identity-review/partial-crops/P006-day-1-rachelzachday1-162--face-03.jpg,Carter,0.729140,0.202150,0.212300,0.141600,4767,7147,0.030062,tagged photo has an additional visible unnamed face
P008,Day 1/rachelzachday1-172.jpg,02,metadata/identity-review/partial-crops/P008-day-1-rachelzachday1-172--face-02.jpg,Stephanie Soskin,0.163985,0.022460,0.161050,0.107420,5464,8192,0.017300,tagged photo has an additional visible unnamed face
P010,Day 1/rachelzachday1-162.jpg,02,metadata/identity-review/partial-crops/P010-day-1-rachelzachday1-162--face-02.jpg,Carter,0.563685,0.318365,0.172770,0.115230,4767,7147,0.019908,tagged photo has an additional visible unnamed face
P009,Day 1/rachelzachday1-180.jpg,01,metadata/identity-review/partial-crops/P009-day-1-rachelzachday1-180--face-01.jpg,Marty,0.667645,0.072270,0.229870,0.153320,4489,6730,0.035244,tagged photo has an additional visible unnamed face
P012,Day 1/rachelzachday1-225.jpg,02,metadata/identity-review/partial-crops/P012-day-1-rachelzachday1-225--face-02.jpg,Rachel Casciano,0.000005,0.185550,0.166910,0.112300,5464,8192,0.018744,tagged photo has an additional visible unnamed face
P011,Day 1/rachelzachday1-198.jpg,05,metadata/identity-review/partial-crops/P011-day-1-rachelzachday1-198--face-05.jpg,Adi; Erin; Morgan; Taylor Becker,0.171880,0.635740,0.114580,0.085940,7878,10504,0.009847,tagged photo has an additional visible unnamed face
P013,Day 1/rachelzachday1-228.jpg,03,metadata/identity-review/partial-crops/P013-day-1-rachelzachday1-228--face-03.jpg,Rachel Casciano; Zach Soskin,0.038070,0.166995,0.183020,0.122070,5464,8192,0.022341,tagged photo has an additional visible unnamed face
P014,Day 1/rachelzachday1-230.jpg,01,metadata/identity-review/partial-crops/P014-day-1-rachelzachday1-230--face-01.jpg,Maura; Stephanie Soskin,0.754025,0.191410,0.244510,0.181640,5464,8192,0.044413,tagged photo has an additional visible unnamed face
P015,Day 1/rachelzachday1-225.jpg,03,metadata/identity-review/partial-crops/P015-day-1-rachelzachday1-225--face-03.jpg,Rachel Casciano,0.781840,0.228515,0.133240,0.088870,5464,8192,0.011841,tagged photo has an additional visible unnamed face
P018,Day 1/rachelzachday1-281.jpg,02,metadata/identity-review/partial-crops/P018-day-1-rachelzachday1-281--face-02.jpg,Rod,0.624630,0.354495,0.121700,0.081050,4931,7393,0.009864,tagged photo has an additional visible unnamed face
P017,Day 1/rachelzachday1-280.jpg,04,metadata/identity-review/partial-crops/P017-day-1-rachelzachday1-280--face-04.jpg,Chad Slomovitz; Rachel Casciano; Robbie; Zach Soskin,0.809385,0.162110,0.189150,0.129880,4927,7387,0.024567,tagged photo has an additional visible unnamed face
P016,Day 1/rachelzachday1-271.jpg,03,metadata/identity-review/partial-crops/P016-day-1-rachelzachday1-271--face-03.jpg,Tim J,0.241585,0.376950,0.187410,0.125000,5464,8192,0.023426,tagged photo has an additional visible unnamed face
P019,Day 1/rachelzachday1-286.jpg,03,metadata/identity-review/partial-crops/P019-day-1-rachelzachday1-286--face-03.jpg,J Til; Maddie Slomovitz,0.843335,0.032225,0.108350,0.072270,5120,7676,0.007830,tagged photo has an additional visible unnamed face
P020,Day 1/rachelzachday1-292.jpg,01,metadata/identity-review/partial-crops/P020-day-1-rachelzachday1-292--face-01.jpg,Rush,0.236065,0.411130,0.230210,0.153320,4152,6225,0.035296,tagged photo has an additional visible unnamed face
P021,Day 1/rachelzachday1-271.jpg,02,metadata/identity-review/partial-crops/P021-day-1-rachelzachday1-271--face-02.jpg,Tim J,0.756950,0.289060,0.177160,0.118160,5464,8192,0.020933,tagged photo has an additional visible unnamed face
P023,Day 1/rachelzachday1-292.jpg,02,metadata/identity-review/partial-crops/P023-day-1-rachelzachday1-292--face-02.jpg,Rush,0.057180,0.270505,0.158360,0.105470,4152,6225,0.016702,tagged photo has an additional visible unnamed face
P024,Ceremony/rachelzach-205.jpg,01,metadata/identity-review/partial-crops/P024-ceremony-rachelzach-205--face-01.jpg,Tim J,0.546120,0.186525,0.140560,0.093750,4559,6835,0.013177,tagged photo has an additional visible unnamed face
P026,Day 1/rachelzachday1-292.jpg,03,metadata/identity-review/partial-crops/P026-day-1-rachelzachday1-292--face-03.jpg,Rush,0.802055,0.298830,0.118770,0.079100,4152,6225,0.009395,tagged photo has an additional visible unnamed face
P022,Getting Ready/rachelzach-9.jpg,02,metadata/identity-review/partial-crops/P022-getting-ready-rachelzach-9--face-02.jpg,Sally,0.467450,0.159180,0.175780,0.131840,7926,10568,0.023175,tagged photo has an additional visible unnamed face
P027,Ceremony/rachelzach-259.jpg,03,metadata/identity-review/partial-crops/P027-ceremony-rachelzach-259--face-03.jpg,Patti; Robbie; Zach Soskin,0.086915,0.667150,0.071290,0.107040,7617,5080,0.007631,tagged photo has an additional visible unnamed face
P028,Ceremony/rachelzach-261.jpg,02,metadata/identity-review/partial-crops/P028-ceremony-rachelzach-261--face-02.jpg,Patti,0.847505,0.328120,0.137830,0.091800,4133,6197,0.012653,tagged photo has an additional visible unnamed face
P029,Ceremony/rachelzach-269.jpg,02,metadata/identity-review/partial-crops/P029-ceremony-rachelzach-269--face-02.jpg,Tara,0.769790,0.343745,0.149560,0.099610,4564,6843,0.014898,tagged photo has an additional visible unnamed face
P025,Ceremony/rachelzach-245.jpg,02,metadata/identity-review/partial-crops/P025-ceremony-rachelzach-245--face-02.jpg,Rush,0.074220,0.273440,0.188800,0.141600,7554,10072,0.026734,tagged photo has an additional visible unnamed face
P030,Ceremony/rachelzach-277.jpg,06,metadata/identity-review/partial-crops/P030-ceremony-rachelzach-277--face-06.jpg,SCOTT L; Tim J; Trelawny,0.862370,0.510740,0.136160,0.091800,4558,6833,0.012499,tagged photo has an additional visible unnamed face
P031,Ceremony/rachelzach-281.jpg,03,metadata/identity-review/partial-crops/P031-ceremony-rachelzach-281--face-03.jpg,Keagen; Lauren Bond,0.092235,0.426755,0.130310,0.086910,4752,7124,0.011325,tagged photo has an additional visible unnamed face
P032,Ceremony/rachelzach-285.jpg,04,metadata/identity-review/partial-crops/P032-ceremony-rachelzach-285--face-04.jpg,Beth; Debi,0.019030,0.437500,0.169840,0.113280,5464,8192,0.019239,tagged photo has an additional visible unnamed face
P033,Ceremony/rachelzach-245.jpg,03,metadata/identity-review/partial-crops/P033-ceremony-rachelzach-245--face-03.jpg,Rush,0.766930,0.149410,0.152340,0.114260,7554,10072,0.017406,tagged photo has an additional visible unnamed face
P036,Ceremony/rachelzach-285.jpg,05,metadata/identity-review/partial-crops/P036-ceremony-rachelzach-285--face-05.jpg,Beth; Debi,0.180085,0.435550,0.109810,0.073240,5464,8192,0.008042,tagged photo has an additional visible unnamed face
P034,Ceremony/rachelzach-335.jpg,04,metadata/identity-review/partial-crops/P034-ceremony-rachelzach-335--face-04.jpg,Adi; Brendan,0.655925,0.263675,0.215230,0.143550,5464,8192,0.030896,tagged photo has an additional visible unnamed face
P035,Ceremony/rachelzach-343.jpg,03,metadata/identity-review/partial-crops/P035-ceremony-rachelzach-343--face-03.jpg,Jamie; Tim Meyers,0.203120,0.208990,0.111980,0.083980,8736,11648,0.009404,tagged photo has an additional visible unnamed face
P038,Ceremony/rachelzach-285.jpg,03,metadata/identity-review/partial-crops/P038-ceremony-rachelzach-285--face-03.jpg,Beth; Debi,0.800880,0.310545,0.106880,0.071290,5464,8192,0.007619,tagged photo has an additional visible unnamed face
P039,Ceremony/rachelzach-335.jpg,01,metadata/identity-review/partial-crops/P039-ceremony-rachelzach-335--face-01.jpg,Adi; Brendan,0.207910,0.348630,0.120060,0.080080,5464,8192,0.009614,tagged photo has an additional visible unnamed face
P037,Ceremony/rachelzach-345.jpg,04,metadata/identity-review/partial-crops/P037-ceremony-rachelzach-345--face-04.jpg,Debi; Morgan,0.000000,0.277345,0.089840,0.119790,11648,8736,0.010762,tagged photo has an additional visible unnamed face
P040,Ceremony/rachelzach-374.jpg,02,metadata/identity-review/partial-crops/P040-ceremony-rachelzach-374--face-02.jpg,Zach Soskin,0.754025,0.285155,0.130310,0.086910,4301,6448,0.011325,tagged photo has an additional visible unnamed face
P041,Friends & Family/rachelzach-462.jpg,05,metadata/identity-review/partial-crops/P041-friends-and-family-rachelzach-462--face-05.jpg,Kayla; Kelsey Meyers; Lauren Bond; Maddie Slomovitz; Rachel Casciano; Sally; Tara; Trelawny,0.819335,0.316245,0.072270,0.108350,6796,4533,0.007830,tagged photo has an additional visible unnamed face
P042,Cocktail Hour/rachelzach-488.jpg,02,metadata/identity-review/partial-crops/P042-cocktail-hour-rachelzach-488--face-02.jpg,Meg,0.092240,0.221680,0.134700,0.089840,4452,6674,0.012101,tagged photo has an additional visible unnamed face
P043,Cocktail Hour/rachelzach-568.jpg,03,metadata/identity-review/partial-crops/P043-cocktail-hour-rachelzach-568--face-03.jpg,Chris N,0.155425,0.340825,0.165690,0.110350,4912,7365,0.018284,tagged photo has an additional visible unnamed face
P044,Cocktail Hour/rachelzach-589.jpg,03,metadata/identity-review/partial-crops/P044-cocktail-hour-rachelzach-589--face-03.jpg,Rachel Casciano; Zach Soskin,0.384115,0.229495,0.118490,0.088870,6940,9253,0.010530,tagged photo has an additional visible unnamed face
P047,Cocktail Hour/rachelzach-568.jpg,01,metadata/identity-review/partial-crops/P047-cocktail-hour-rachelzach-568--face-01.jpg,Chris N,0.656890,0.284175,0.131960,0.087890,4912,7365,0.011598,tagged photo has an additional visible unnamed face
P046,Cocktail Hour/rachelzach-639.jpg,02,metadata/identity-review/partial-crops/P046-cocktail-hour-rachelzach-639--face-02.jpg,Rod,0.276720,0.311520,0.171300,0.114260,5464,8192,0.019573,tagged photo has an additional visible unnamed face
P045,Cocktail Hour/rachelzach-612.jpg,01,metadata/identity-review/partial-crops/P045-cocktail-hour-rachelzach-612--face-01.jpg,David Benrud; Greg,0.888020,0.222655,0.110680,0.092770,8736,11648,0.010268,tagged photo has an additional visible unnamed face
P048,Reception/rachelzach-664.jpg,02,metadata/identity-review/partial-crops/P048-reception-rachelzach-664--face-02.jpg,Zach Soskin,0.058560,0.339840,0.120060,0.080080,4611,6913,0.009614,tagged photo has an additional visible unnamed face
P049,Reception/rachelzach-691.jpg,01,metadata/identity-review/partial-crops/P049-reception-rachelzach-691--face-01.jpg,Kayla,0.741210,0.150805,0.074220,0.111270,8192,5464,0.008258,tagged photo has an additional visible unnamed face
P051,Reception/rachelzach-700.jpg,04,metadata/identity-review/partial-crops/P051-reception-rachelzach-700--face-04.jpg,Maddie Slomovitz; Patti; Zach Soskin,0.750730,0.044920,0.136360,0.090820,3987,5978,0.012384,tagged photo has an additional visible unnamed face
P050,Reception/rachelzach-694.jpg,02,metadata/identity-review/partial-crops/P050-reception-rachelzach-694--face-02.jpg,Meg,0.713025,0.172850,0.285510,0.210940,4597,6892,0.060225,tagged photo has an additional visible unnamed face
P052,Reception/rachelzach-713.jpg,03,metadata/identity-review/partial-crops/P052-reception-rachelzach-713--face-03.jpg,Maddie Channess; Nate O,0.365235,0.300145,0.077150,0.115670,8192,5464,0.008924,tagged photo has an additional visible unnamed face
P054,Reception/rachelzach-716.jpg,02,metadata/identity-review/partial-crops/P054-reception-rachelzach-716--face-02.jpg,Zach Soskin,0.736460,0.080080,0.120060,0.080080,4569,6850,0.009614,tagged photo has an additional visible unnamed face
P055,Reception/rachelzach-723.jpg,02,metadata/identity-review/partial-crops/P055-reception-rachelzach-723--face-02.jpg,Adam Lynn; Charlie Weisman; Jorie; Parker; Riley,0.076170,0.671560,0.078120,0.117300,6582,4390,0.009163,tagged photo has an additional visible unnamed face
P056,Reception/rachelzach-724.jpg,02,metadata/identity-review/partial-crops/P056-reception-rachelzach-724--face-02.jpg,Todd Lurie,0.004885,0.731675,0.098630,0.148090,7345,4899,0.014606,tagged photo has an additional visible unnamed face
P058,Reception/rachelzach-723.jpg,05,metadata/identity-review/partial-crops/P058-reception-rachelzach-723--face-05.jpg,Adam Lynn; Charlie Weisman; Jorie; Parker; Riley,0.546880,0.532260,0.078120,0.117300,6582,4390,0.009163,tagged photo has an additional visible unnamed face
P053,Reception/rachelzach-715.jpg,01,metadata/identity-review/partial-crops/P053-reception-rachelzach-715--face-01.jpg,Adam Lynn,0.090775,0.500980,0.316250,0.210940,5464,8192,0.066710,tagged photo has an additional visible unnamed face
P057,Reception/rachelzach-725.jpg,02,metadata/identity-review/partial-crops/P057-reception-rachelzach-725--face-02.jpg,Charlie Weisman; Patti,0.092245,0.211915,0.174230,0.116210,5464,8192,0.020247,tagged photo has an additional visible unnamed face
P059,Reception/rachelzach-724.jpg,04,metadata/identity-review/partial-crops/P059-reception-rachelzach-724--face-04.jpg,Todd Lurie,0.583005,0.203810,0.092770,0.139300,7345,4899,0.012923,tagged photo has an additional visible unnamed face
P061,Reception/rachelzach-739.jpg,02,metadata/identity-review/partial-crops/P061-reception-rachelzach-739--face-02.jpg,Bryant; Cogan; Daniel Shin,0.080525,0.162105,0.115670,0.077150,3815,5719,0.008924,tagged photo has an additional visible unnamed face
P060,Reception/rachelzach-731.jpg,02,metadata/identity-review/partial-crops/P060-reception-rachelzach-731--face-02.jpg,Jorie; Parker,0.004390,0.438480,0.169840,0.113280,4421,6628,0.019239,tagged photo has an additional visible unnamed face
P063,Reception/rachelzach-724.jpg,03,metadata/identity-review/partial-crops/P063-reception-rachelzach-724--face-03.jpg,Todd Lurie,0.307615,0.209680,0.086910,0.130500,7345,4899,0.011342,tagged photo has an additional visible unnamed face
P064,Reception/rachelzach-755.jpg,01,metadata/identity-review/partial-crops/P064-reception-rachelzach-755--face-01.jpg,Cogan,0.559295,0.179685,0.243050,0.162110,4131,6193,0.039401,tagged photo has an additional visible unnamed face
P062,Reception/rachelzach-754.jpg,02,metadata/identity-review/partial-crops/P062-reception-rachelzach-754--face-02.jpg,Taylor Noyer,0.309895,0.162110,0.166670,0.125000,7528,10037,0.020834,tagged photo has an additional visible unnamed face
P067,Reception/rachelzach-831.jpg,02,metadata/identity-review/partial-crops/P067-reception-rachelzach-831--face-02.jpg,Alex Muecke; Erik; Zach Soskin,0.594730,0.230200,0.089840,0.134900,4942,3295,0.012119,tagged photo has an additional visible unnamed face
P065,Reception/rachelzach-825.jpg,02,metadata/identity-review/partial-crops/P065-reception-rachelzach-825--face-02.jpg,Matt,0.638360,0.634770,0.298680,0.199220,4721,7078,0.059503,tagged photo has an additional visible unnamed face
P066,Reception/rachelzach-826.jpg,02,metadata/identity-review/partial-crops/P066-reception-rachelzach-826--face-02.jpg,Matt,0.680815,0.613285,0.292830,0.195310,4759,7135,0.057193,tagged photo has an additional visible unnamed face
P068,Reception/rachelzach-855.jpg,02,metadata/identity-review/partial-crops/P068-reception-rachelzach-855--face-02.jpg,Maddie Channess; Tim J,0.608510,0.024420,0.168620,0.112300,4225,6335,0.018936,tagged photo has an additional visible unnamed face
P069,Reception/rachelzach-885.jpg,04,metadata/identity-review/partial-crops/P069-reception-rachelzach-885--face-04.jpg,Patti,0.508800,0.122075,0.130500,0.086910,4385,6575,0.011342,tagged photo has an additional visible unnamed face
P070,Reception/rachelzach-891.jpg,03,metadata/identity-review/partial-crops/P070-reception-rachelzach-891--face-03.jpg,Adam Brown; Lars,0.445095,0.121090,0.111270,0.074220,4517,6772,0.008258,tagged photo has an additional visible unnamed face
P074,Dancing/rachelzach-943.jpg,05,metadata/identity-review/partial-crops/P074-dancing-rachelzach-943--face-05.jpg,Jacquie; Kayla; Pat Burton; Spencer Soltman,0.230465,0.740470,0.072270,0.108500,4851,3234,0.007841,tagged photo has an additional visible unnamed face
P072,Dancing/rachelzach-938.jpg,03,metadata/identity-review/partial-crops/P072-dancing-rachelzach-938--face-03.jpg,Keagen,0.266860,0.289065,0.130500,0.086910,3224,4836,0.011342,tagged photo has an additional visible unnamed face
P071,Reception/rachelzach-885.jpg,03,metadata/identity-review/partial-crops/P071-reception-rachelzach-885--face-03.jpg,Patti,0.662755,0.209960,0.118770,0.079100,4385,6575,0.009395,tagged photo has an additional visible unnamed face
P073,Dancing/rachelzach-942.jpg,02,metadata/identity-review/partial-crops/P073-dancing-rachelzach-942--face-02.jpg,Adam Lynn,0.711565,0.179690,0.144950,0.096680,4249,6370,0.014014,tagged photo has an additional visible unnamed face
P075,Dancing/rachelzach-944.jpg,06,metadata/identity-review/partial-crops/P075-dancing-rachelzach-944--face-06.jpg,David Burton; Jacquie; Kayla; SCOTT L; Spencer Soltman,0.232420,0.090905,0.079100,0.118770,4428,2952,0.009395,tagged photo has an additional visible unnamed face
P078,Dancing/rachelzach-948.jpg,03,metadata/identity-review/partial-crops/P078-dancing-rachelzach-948--face-03.jpg,Dan Casciano,0.042520,0.553715,0.131960,0.087890,2702,4053,0.011598,tagged photo has an additional visible unnamed face
P077,Reception/rachelzach-885.jpg,05,metadata/identity-review/partial-crops/P077-reception-rachelzach-885--face-05.jpg,Patti,0.274190,0.134770,0.111440,0.074220,4385,6575,0.008271,tagged photo has an additional visible unnamed face
P076,Dancing/rachelzach-947.jpg,03,metadata/identity-review/partial-crops/P076-dancing-rachelzach-947--face-03.jpg,Chad Slomovitz; Frankie B; Zach Soskin,0.448685,0.208010,0.195010,0.129880,4346,6516,0.025328,tagged photo has an additional visible unnamed face
P079,Dancing/rachelzach-959.jpg,02,metadata/identity-review/partial-crops/P079-dancing-rachelzach-959--face-02.jpg,Dubov; Frankie B; Maddie Channess; Maddie Slomovitz,0.068365,0.284460,0.081050,0.121700,5472,3648,0.009864,tagged photo has an additional visible unnamed face
P080,Dancing/rachelzach-963.jpg,07,metadata/identity-review/partial-crops/P080-dancing-rachelzach-963--face-07.jpg,Charlie Weisman; Jeffry Lurie; Maddie Channess; Rachel Casciano; Siri; Taylor Noyer,0.804685,0.005870,0.115230,0.173020,5472,3648,0.019937,tagged photo has an additional visible unnamed face
P083,Dancing/rachelzach-974.jpg,01,metadata/identity-review/partial-crops/P083-dancing-rachelzach-974--face-01.jpg,Jake Lurie,0.850440,0.176755,0.130500,0.086910,2597,3895,0.011342,tagged photo has an additional visible unnamed face
P082,Dancing/rachelzach-972.jpg,02,metadata/identity-review/partial-crops/P082-dancing-rachelzach-972--face-02.jpg,Taylor Noyer,0.278590,0.424800,0.111440,0.074220,4744,7113,0.008271,tagged photo has an additional visible unnamed face
P084,Dancing/rachelzach-991.jpg,02,metadata/identity-review/partial-crops/P084-dancing-rachelzach-991--face-02.jpg,Alex Muecke,0.546920,0.055660,0.145160,0.096680,2789,4184,0.014034,tagged photo has an additional visible unnamed face
P081,Dancing/rachelzach-968.jpg,03,metadata/identity-review/partial-crops/P081-dancing-rachelzach-968--face-03.jpg,Gisel; Kayla; Nate waldron; Phil C,0.363100,0.208985,0.106880,0.071290,5464,8192,0.007619,tagged photo has an additional visible unnamed face
P085,Dancing/rachelzach-999.jpg,03,metadata/identity-review/partial-crops/P085-dancing-rachelzach-999--face-03.jpg,Nate waldron,0.196485,0.197265,0.142230,0.094730,3119,4679,0.013473,tagged photo has an additional visible unnamed face
P087,Dancing/rachelzach-1018.jpg,02,metadata/identity-review/partial-crops/P087-dancing-rachelzach-1018--face-02.jpg,Carter; Cogan,0.253670,0.233395,0.149560,0.099610,3071,4606,0.014898,tagged photo has an additional visible unnamed face
P086,Dancing/rachelzach-1015.jpg,02,metadata/identity-review/partial-crops/P086-dancing-rachelzach-1015--face-02.jpg,Zach Soskin,0.601565,0.161295,0.098630,0.148090,4960,3307,0.014606,tagged photo has an additional visible unnamed face
P088,Dancing/rachelzach-1026.jpg,09,metadata/identity-review/partial-crops/P088-dancing-rachelzach-1026--face-09.jpg,Chad Slomovitz; Jeffry Lurie; Jorie; Rachel Casciano; Taylor Noyer,0.183285,0.561525,0.148090,0.098630,3648,5472,0.014606,tagged photo has an additional visible unnamed face
P089,Dancing/rachelzach-1043.jpg,02,metadata/identity-review/partial-crops/P089-dancing-rachelzach-1043--face-02.jpg,Daniel Shin,0.045460,0.367185,0.140760,0.093750,3648,5472,0.013196,tagged photo has an additional visible unnamed face
P090,Dancing/rachelzach-1054.jpg,02,metadata/identity-review/partial-crops/P090-dancing-rachelzach-1054--face-02.jpg,Bryant,0.520530,0.306640,0.117300,0.078120,3648,5472,0.009163,tagged photo has an additional visible unnamed face
P092,Dancing/rachelzach-1060.jpg,03,metadata/identity-review/partial-crops/P092-dancing-rachelzach-1060--face-03.jpg,Brendan; Daniel Shin,0.246335,0.140625,0.114370,0.076170,3037,4556,0.008712,tagged photo has an additional visible unnamed face
P091,Dancing/rachelzach-1056.jpg,02,metadata/identity-review/partial-crops/P091-dancing-rachelzach-1056--face-02.jpg,Steve M,0.825195,0.221410,0.071290,0.107040,5472,3648,0.007631,tagged photo has an additional visible unnamed face
P093,Dancing/rachelzach-1071.jpg,05,metadata/identity-review/partial-crops/P093-dancing-rachelzach-1071--face-05.jpg,Adam Brown; Kelsey Nuelle; Rachel Casciano,0.280060,0.179685,0.158360,0.105470,2942,4413,0.016702,tagged photo has an additional visible unnamed face
P096,Dancing/rachelzach-1089.jpg,02,metadata/identity-review/partial-crops/P096-dancing-rachelzach-1089--face-02.jpg,Kelsey Meyers,0.527855,0.157225,0.151030,0.100590,2922,4383,0.015192,tagged photo has an additional visible unnamed face
P095,Dancing/rachelzach-1085.jpg,01,metadata/identity-review/partial-crops/P095-dancing-rachelzach-1085--face-01.jpg,Rachel Casciano; Tim J,0.315430,0.259530,0.075200,0.112900,5472,3648,0.008490,tagged photo has an additional visible unnamed face
P094,Dancing/rachelzach-1084.jpg,01,metadata/identity-review/partial-crops/P094-dancing-rachelzach-1084--face-01.jpg,Dan Casciano; Rachel Casciano,0.038125,0.289065,0.148090,0.098630,3648,5472,0.014606,tagged photo has an additional visible unnamed face
P099,After Party/rachelzach-1104.jpg,03,metadata/identity-review/partial-crops/P099-after-party-rachelzach-1104--face-03.jpg,Charlie Weisman; Debi; LAURA WEISMAN,0.772725,0.294920,0.109970,0.073240,3140,4710,0.008054,tagged photo has an additional visible unnamed face
P098,After Party/rachelzach-1101.jpg,01,metadata/identity-review/partial-crops/P098-after-party-rachelzach-1101--face-01.jpg,Rachel Casciano; Steve M,0.149560,0.148435,0.252200,0.167970,2821,4232,0.042362,tagged photo has an additional visible unnamed face
P097,After Party/rachelzach-1100.jpg,02,metadata/identity-review/partial-crops/P097-after-party-rachelzach-1100--face-02.jpg,Meg,0.275655,0.164060,0.212610,0.141600,3024,4536,0.030106,tagged photo has an additional visible unnamed face
P100,After Party/rachelzach-1114.jpg,04,metadata/identity-review/partial-crops/P100-after-party-rachelzach-1114--face-04.jpg,Meg,0.373900,0.171870,0.196480,0.130860,3091,4637,0.025711,tagged photo has an additional visible unnamed face
P101,After Party/rachelzach-1115.jpg,01,metadata/identity-review/partial-crops/P101-after-party-rachelzach-1115--face-01.jpg,Pasha,0.835780,0.092770,0.111440,0.074220,2933,4399,0.008271,tagged photo has an additional visible unnamed face
P103,After Party/rachelzach-1124.jpg,03,metadata/identity-review/partial-crops/P103-after-party-rachelzach-1124--face-03.jpg,Zach Soskin,0.634900,0.278320,0.112900,0.075200,3648,5472,0.008490,tagged photo has an additional visible unnamed face
P102,After Party/rachelzach-1119.jpg,03,metadata/identity-review/partial-crops/P102-after-party-rachelzach-1119--face-03.jpg,Dubov; Ty Damon,0.294720,0.380860,0.164220,0.109380,3648,5472,0.017962,tagged photo has an additional visible unnamed face
P104,After Party/rachelzach-1114.jpg,01,metadata/identity-review/partial-crops/P104-after-party-rachelzach-1114--face-01.jpg,Meg,0.234605,0.235350,0.189150,0.125980,3091,4637,0.023829,tagged photo has an additional visible unnamed face
P105,After Party/rachelzach-1128.jpg,01,metadata/identity-review/partial-crops/P105-after-party-rachelzach-1128--face-01.jpg,Steve M,0.425215,0.154295,0.253670,0.168950,2860,4290,0.042858,tagged photo has an additional visible unnamed face
P106,After Party/rachelzach-1136.jpg,02,metadata/identity-review/partial-crops/P106-after-party-rachelzach-1136--face-02.jpg,Robbie,0.337890,0.206740,0.108400,0.162760,4654,3103,0.017643,tagged photo has an additional visible unnamed face
P107,After Party/rachelzach-1137.jpg,02,metadata/identity-review/partial-crops/P107-after-party-rachelzach-1137--face-02.jpg,Bryant; Daniel Shin,0.869140,0.454540,0.089840,0.134900,5472,3648,0.012119,tagged photo has an additional visible unnamed face
P108,After Party/rachelzach-1138.jpg,05,metadata/identity-review/partial-crops/P108-after-party-rachelzach-1138--face-05.jpg,Bryant; Nate O,0.874025,0.555720,0.072270,0.108500,5472,3648,0.007841,tagged photo has an additional visible unnamed face
P109,After Party/rachelzach-1141.jpg,02,metadata/identity-review/partial-crops/P109-after-party-rachelzach-1141--face-02.jpg,Dan Casciano,0.391605,0.187680,0.093750,0.140760,4538,3025,0.013196,tagged photo has an additional visible unnamed face
P110,After Party/rachelzach-1143.jpg,05,metadata/identity-review/partial-crops/P110-after-party-rachelzach-1143--face-05.jpg,Ellie Soskin; Jeffry Lurie; Zach Soskin,0.019060,0.284180,0.126100,0.083980,3053,4580,0.010590,tagged photo has an additional visible unnamed face
P111,After Party/rachelzach-1144.jpg,04,metadata/identity-review/partial-crops/P111-after-party-rachelzach-1144--face-04.jpg,Chad Slomovitz; Maddie Slomovitz; Rachel Casciano; Zach Soskin,0.080080,0.299120,0.075200,0.112900,4473,2982,0.008490,tagged photo has an additional visible unnamed face
P113,After Party/rachelzach-1148.jpg,02,metadata/identity-review/partial-crops/P113-after-party-rachelzach-1148--face-02.jpg,Adam Lynn; Phil Quist; Rachel Casciano,0.623050,0.297650,0.112300,0.168620,4860,3240,0.018936,tagged photo has an additional visible unnamed face
P112,After Party/rachelzach-1146.jpg,02,metadata/identity-review/partial-crops/P112-after-party-rachelzach-1146--face-02.jpg,Maddie Channess,0.448685,0.230470,0.203810,0.135740,3140,4710,0.027665,tagged photo has an additional visible unnamed face
P114,After Party/rachelzach-1143.jpg,06,metadata/identity-review/partial-crops/P114-after-party-rachelzach-1143--face-06.jpg,Ellie Soskin; Jeffry Lurie; Zach Soskin,0.740475,0.064450,0.120230,0.080080,3053,4580,0.009628,tagged photo has an additional visible unnamed face
P115,After Party/rachelzach-1155.jpg,02,metadata/identity-review/partial-crops/P115-after-party-rachelzach-1155--face-02.jpg,Taylor Noyer,0.451610,0.126955,0.149560,0.099610,2919,4379,0.014898,tagged photo has an additional visible unnamed face
P116,After Party/rachelzach-1164.jpg,01,metadata/identity-review/partial-crops/P116-after-party-rachelzach-1164--face-01.jpg,Melanie Casciano,0.313780,0.167965,0.140760,0.093750,3097,4646,0.013196,tagged photo has an additional visible unnamed face
P118,Sneak Peek/Sneak-5.jpg,05,metadata/identity-review/partial-crops/P118-sneak-peek-sneak-5--face-05.jpg,Jeffry Lurie; Zach Soskin,0.019060,0.284180,0.126100,0.083980,3053,4580,0.010590,tagged photo has an additional visible unnamed face
P117,Sneak Peek/RachelZach-3.jpg,09,metadata/identity-review/partial-crops/P117-sneak-peek-rachelzach-3--face-09.jpg,Kaitlin Burns; Kayla; Kelsey Meyers; Lauren Bond; Rachel Casciano; Sally; Tara; Trelawny,0.856305,0.499995,0.142230,0.094730,4960,7437,0.013473,tagged photo has an additional visible unnamed face
P120,Sneak Peek/Sneak-5.jpg,06,metadata/identity-review/partial-crops/P120-sneak-peek-sneak-5--face-06.jpg,Jeffry Lurie; Zach Soskin,0.740475,0.064450,0.120230,0.080080,3053,4580,0.009628,tagged photo has an additional visible unnamed face
P122,Sneak Peek/RachelZach-32.jpg,02,metadata/identity-review/partial-crops/P122-sneak-peek-rachelzach-32--face-02.jpg,Dan Casciano,0.300580,0.658205,0.115840,0.077150,4021,6029,0.008937,tagged photo has an additional visible unnamed face
P121,Sneak Peek/1. RachelZach-26.jpg,03,metadata/identity-review/partial-crops/P121-sneak-peek-1-rachelzach-26--face-03.jpg,Carter,0.729140,0.202150,0.212300,0.141600,4767,7147,0.030062,tagged photo has an additional visible unnamed face
P123,Sneak Peek/1. RachelZach-40.jpg,01,metadata/identity-review/partial-crops/P123-sneak-peek-1-rachelzach-40--face-01.jpg,Matt,0.275660,0.337890,0.187680,0.125000,5105,7654,0.023460,tagged photo has an additional visible unnamed face
P119,Sneak Peek/1. RachelZach-12.jpg,01,metadata/identity-review/partial-crops/P119-sneak-peek-1-rachelzach-12--face-01.jpg,Adam Brown,0.208610,0.841795,0.194260,0.145510,8302,11070,0.028267,tagged photo has an additional visible unnamed face
P124,Sneak Peek/1. RachelZach-26.jpg,02,metadata/identity-review/partial-crops/P124-sneak-peek-1-rachelzach-26--face-02.jpg,Carter,0.565155,0.318365,0.172770,0.115230,4767,7147,0.019908,tagged photo has an additional visible unnamed face
P125,Sneak Peek/1. RachelZach-55.jpg,03,metadata/identity-review/partial-crops/P125-sneak-peek-1-rachelzach-55--face-03.jpg,J Til; Maddie Slomovitz,0.843335,0.032225,0.108350,0.072270,5120,7676,0.007830,tagged photo has an additional visible unnamed face
P129,Sneak Peek/Sneak.jpg,05,metadata/identity-review/partial-crops/P129-sneak-peek-sneak--face-05.jpg,Jacquie; Kayla; Pat Burton; Spencer Soltman,0.230465,0.740470,0.072270,0.108500,4851,3234,0.007841,tagged photo has an additional visible unnamed face
P128,Sneak Peek/RachelZach-126.jpg,02,metadata/identity-review/partial-crops/P128-sneak-peek-rachelzach-126--face-02.jpg,Parker; Riley; Todd Lurie,0.003905,0.731675,0.098630,0.148090,7345,4899,0.014606,tagged photo has an additional visible unnamed face
P126,Sneak Peek/RachelZach-55.jpg,02,metadata/identity-review/partial-crops/P126-sneak-peek-rachelzach-55--face-02.jpg,Rush,0.075520,0.274420,0.187500,0.140620,7554,10072,0.026366,tagged photo has an additional visible unnamed face
P127,Sneak Peek/RachelZach-120.jpg,02,metadata/identity-review/partial-crops/P127-sneak-peek-rachelzach-120--face-02.jpg,Meg,0.713025,0.172850,0.285510,0.210940,4597,6892,0.060225,tagged photo has an additional visible unnamed face
P131,Film/rachelzachfilm-40.jpg,04,metadata/identity-review/partial-crops/P131-film-rachelzachfilm-40--face-04.jpg,Parker; Ronald Harris,0.463870,0.377585,0.074220,0.112090,3089,2048,0.008319,tagged photo has an additional visible unnamed face
P132,Film/rachelzachfilm-51.jpg,02,metadata/identity-review/partial-crops/P132-film-rachelzachfilm-51--face-02.jpg,Carter,0.452800,0.354490,0.156340,0.103520,2048,3089,0.016184,tagged photo has an additional visible unnamed face
P133,Film/rachelzachfilm-52.jpg,02,metadata/identity-review/partial-crops/P133-film-rachelzachfilm-52--face-02.jpg,Parker; Stephanie Soskin,0.064900,0.155275,0.134220,0.088870,2048,3089,0.011928,tagged photo has an additional visible unnamed face
P134,Film/rachelzachfilm-53.jpg,01,metadata/identity-review/partial-crops/P134-film-rachelzachfilm-53--face-01.jpg,Parker,0.128320,0.115240,0.126840,0.083980,2048,3089,0.010652,tagged photo has an additional visible unnamed face
P135,Film/rachelzachfilm-54.jpg,01,metadata/identity-review/partial-crops/P135-film-rachelzachfilm-54--face-01.jpg,Parker,0.271385,0.111325,0.123890,0.082030,2048,3089,0.010163,tagged photo has an additional visible unnamed face
P136,Film/rachelzachfilm-55.jpg,01,metadata/identity-review/partial-crops/P136-film-rachelzachfilm-55--face-01.jpg,Jorie; Parker,0.309730,0.152345,0.116520,0.077150,2048,3089,0.008990,tagged photo has an additional visible unnamed face
P137,Film/rachelzachfilm-61.jpg,02,metadata/identity-review/partial-crops/P137-film-rachelzachfilm-61--face-02.jpg,Parker,0.433595,0.084075,0.117190,0.176990,2617,1735,0.020741,tagged photo has an additional visible unnamed face
P138,Film/rachelzachfilm-64.jpg,01,metadata/identity-review/partial-crops/P138-film-rachelzachfilm-64--face-01.jpg,Jake Lurie,0.620120,0.079645,0.085940,0.129790,3089,2048,0.011154,tagged photo has an additional visible unnamed face
P139,Film/rachelzachfilm-65.jpg,02,metadata/identity-review/partial-crops/P139-film-rachelzachfilm-65--face-02.jpg,Abe Burton,0.017700,0.144535,0.115040,0.076170,2048,3089,0.008763,tagged photo has an additional visible unnamed face
P140,Film/rachelzachfilm-109.jpg,01,metadata/identity-review/partial-crops/P140-film-rachelzachfilm-109--face-01.jpg,David Post,0.544250,0.216800,0.179940,0.119140,1636,2468,0.021438,tagged photo has an additional visible unnamed face
P141,Film/rachelzachfilm-171.jpg,02,metadata/identity-review/partial-crops/P141-film-rachelzachfilm-171--face-02.jpg,Ellie Soskin,0.545720,0.292965,0.185840,0.123050,2048,3089,0.022868,tagged photo has an additional visible unnamed face
P142,Film/rachelzachfilm-234.jpg,02,metadata/identity-review/partial-crops/P142-film-rachelzachfilm-234--face-02.jpg,Rachel Casciano,0.415935,0.211910,0.147490,0.097660,1755,2647,0.014404,tagged photo has an additional visible unnamed face
P143,Film/rachelzachfilm-240.jpg,01,metadata/identity-review/partial-crops/P143-film-rachelzachfilm-240--face-01.jpg,Rachel Casciano; Trelawny,0.254885,0.171095,0.083010,0.125370,2700,1790,0.010407,tagged photo has an additional visible unnamed face
P144,Film/rachelzachfilm-248.jpg,03,metadata/identity-review/partial-crops/P144-film-rachelzachfilm-248--face-03.jpg,Rachel Casciano; Zach Soskin,0.250975,0.134225,0.082030,0.123890,2593,1719,0.010163,tagged photo has an additional visible unnamed face
P130,Sneak Peek/RachelZach-55.jpg,03,metadata/identity-review/partial-crops/P130-sneak-peek-rachelzach-55--face-03.jpg,Rush,0.766930,0.149410,0.151040,0.113280,7554,10072,0.017110,tagged photo has an additional visible unnamed face
