person,sheet
Abe Burton,metadata/identity-review/reference-people/abe-burton.jpg
Adam Brown,metadata/identity-review/reference-people/adam-brown.jpg
Adam Lynn,metadata/identity-review/reference-people/adam-lynn.jpg
Adam Stillman,metadata/identity-review/reference-people/adam-stillman.jpg
Adi,metadata/identity-review/reference-people/adi.jpg
Alex Muecke,metadata/identity-review/reference-people/alex-muecke.jpg
Allan C,metadata/identity-review/reference-people/allan-c.jpg
Aly Gilboa,metadata/identity-review/reference-people/aly-gilboa.jpg
Alyssa Scott,metadata/identity-review/reference-people/alyssa-scott.jpg
Amanda,metadata/identity-review/reference-people/amanda.jpg
ASHLEY,metadata/identity-review/reference-people/ashley.jpg
BECKY,metadata/identity-review/reference-people/becky.jpg
Beth,metadata/identity-review/reference-people/beth.jpg
Bob P,metadata/identity-review/reference-people/bob-p.jpg
Brendan,metadata/identity-review/reference-people/brendan.jpg
Bryant,metadata/identity-review/reference-people/bryant.jpg
Carter,metadata/identity-review/reference-people/carter.jpg
Chad Slomovitz,metadata/identity-review/reference-people/chad-slomovitz.jpg
Charlie Weisman,metadata/identity-review/reference-people/charlie-weisman.jpg
Chris,metadata/identity-review/reference-people/chris.jpg
Chris N,metadata/identity-review/reference-people/chris-n.jpg
Cogan,metadata/identity-review/reference-people/cogan.jpg
Dan Casciano,metadata/identity-review/reference-people/dan-casciano.jpg
Daniel Shin,metadata/identity-review/reference-people/daniel-shin.jpg
Dave Gilboa,metadata/identity-review/reference-people/dave-gilboa.jpg
David Benrud,metadata/identity-review/reference-people/david-benrud.jpg
David Burton,metadata/identity-review/reference-people/david-burton.jpg
David Post,metadata/identity-review/reference-people/david-post.jpg
Debi,metadata/identity-review/reference-people/debi.jpg
Dee Burton,metadata/identity-review/reference-people/dee-burton.jpg
Dubov,metadata/identity-review/reference-people/dubov.jpg
Elizabeth Licon,metadata/identity-review/reference-people/elizabeth-licon.jpg
Ellie Soskin,metadata/identity-review/reference-people/ellie-soskin.jpg
Emily Stillman,metadata/identity-review/reference-people/emily-stillman.jpg
Erik,metadata/identity-review/reference-people/erik.jpg
Erin,metadata/identity-review/reference-people/erin.jpg
Frankie B,metadata/identity-review/reference-people/frankie-b.jpg
Gisel,metadata/identity-review/reference-people/gisel.jpg
Greg,metadata/identity-review/reference-people/greg.jpg
Harris,metadata/identity-review/reference-people/harris.jpg
HECKLIN,metadata/identity-review/reference-people/hecklin.jpg
Ivan Licon,metadata/identity-review/reference-people/ivan-licon.jpg
J Mohr,metadata/identity-review/reference-people/j-mohr.jpg
J Til,metadata/identity-review/reference-people/j-til.jpg
Jacquie,metadata/identity-review/reference-people/jacquie.jpg
Jake Lurie,metadata/identity-review/reference-people/jake-lurie.jpg
Jamie,metadata/identity-review/reference-people/jamie.jpg
Janice,metadata/identity-review/reference-people/janice.jpg
Jason Howarth,metadata/identity-review/reference-people/jason-howarth.jpg
Jeffry Lurie,metadata/identity-review/reference-people/jeffry-lurie.jpg
Jeremy Burton Burton,metadata/identity-review/reference-people/jeremy-burton-burton.jpg
Joan Soskin,metadata/identity-review/reference-people/joan-soskin.jpg
Jody Post,metadata/identity-review/reference-people/jody-post.jpg
Jorie,metadata/identity-review/reference-people/jorie.jpg
JUELS,metadata/identity-review/reference-people/juels.jpg
Jules,metadata/identity-review/reference-people/jules.jpg
Kaitlin Burns,metadata/identity-review/reference-people/kaitlin-burns.jpg
Kayla,metadata/identity-review/reference-people/kayla.jpg
Keagen,metadata/identity-review/reference-people/keagen.jpg
Kelsey Meyers,metadata/identity-review/reference-people/kelsey-meyers.jpg
Kelsey Nuelle,metadata/identity-review/reference-people/kelsey-nuelle.jpg
Lars,metadata/identity-review/reference-people/lars.jpg
LAURA WEISMAN,metadata/identity-review/reference-people/laura-weisman.jpg
Lauren Bond,metadata/identity-review/reference-people/lauren-bond.jpg
Lauren Lurie,metadata/identity-review/reference-people/lauren-lurie.jpg
Leah M,metadata/identity-review/reference-people/leah-m.jpg
Leeann,metadata/identity-review/reference-people/leeann.jpg
Lindsey Miller,metadata/identity-review/reference-people/lindsey-miller.jpg
Lisa Caplan,metadata/identity-review/reference-people/lisa-caplan.jpg
Maddie Channess,metadata/identity-review/reference-people/maddie-channess.jpg
Maddie Slomovitz,metadata/identity-review/reference-people/maddie-slomovitz.jpg
Marty,metadata/identity-review/reference-people/marty.jpg
Matt,metadata/identity-review/reference-people/matt.jpg
Maura,metadata/identity-review/reference-people/maura.jpg
Meg,metadata/identity-review/reference-people/meg.jpg
Melanie Casciano,metadata/identity-review/reference-people/melanie-casciano.jpg
Mohr,metadata/identity-review/reference-people/mohr.jpg
Morgan,metadata/identity-review/reference-people/morgan.jpg
Nancy Lurie,metadata/identity-review/reference-people/nancy-lurie.jpg
Natalie,metadata/identity-review/reference-people/natalie.jpg
Nate O,metadata/identity-review/reference-people/nate-o.jpg
Nate waldron,metadata/identity-review/reference-people/nate-waldron.jpg
Nick Adam,metadata/identity-review/reference-people/nick-adam.jpg
Nick Pugs,metadata/identity-review/reference-people/nick-pugs.jpg
Norris,metadata/identity-review/reference-people/norris.jpg
pa,metadata/identity-review/reference-people/pa.jpg
Parker,metadata/identity-review/reference-people/parker.jpg
Pasha,metadata/identity-review/reference-people/pasha.jpg
Pat Burton,metadata/identity-review/reference-people/pat-burton.jpg
Patti,metadata/identity-review/reference-people/patti.jpg
Phil Becker,metadata/identity-review/reference-people/phil-becker.jpg
Phil C,metadata/identity-review/reference-people/phil-c.jpg
Phil Quist,metadata/identity-review/reference-people/phil-quist.jpg
Richie,metadata/identity-review/reference-people/richie.jpg
Rick Soskin,metadata/identity-review/reference-people/rick-soskin.jpg
Riley,metadata/identity-review/reference-people/riley.jpg
Rob A,metadata/identity-review/reference-people/rob-a.jpg
Robbie,metadata/identity-review/reference-people/robbie.jpg
Rod,metadata/identity-review/reference-people/rod.jpg
Ronald Harris,metadata/identity-review/reference-people/ronald-harris.jpg
Rush,metadata/identity-review/reference-people/rush.jpg
Rylie,metadata/identity-review/reference-people/rylie.jpg
Sally,metadata/identity-review/reference-people/sally.jpg
Sam Ankin,metadata/identity-review/reference-people/sam-ankin.jpg
Sam Soskin,metadata/identity-review/reference-people/sam-soskin.jpg
SANDRA,metadata/identity-review/reference-people/sandra.jpg
SCOTT L,metadata/identity-review/reference-people/scott-l.jpg
Scotty P,metadata/identity-review/reference-people/scotty-p.jpg
Sean Morse,metadata/identity-review/reference-people/sean-morse.jpg
Siri,metadata/identity-review/reference-people/siri.jpg
Spencer Soltman,metadata/identity-review/reference-people/spencer-soltman.jpg
Stephanie Soskin,metadata/identity-review/reference-people/stephanie-soskin.jpg
Steve M,metadata/identity-review/reference-people/steve-m.jpg
Tara,metadata/identity-review/reference-people/tara.jpg
Tav,metadata/identity-review/reference-people/tav.jpg
Taylor Becker,metadata/identity-review/reference-people/taylor-becker.jpg
Taylor Noyer,metadata/identity-review/reference-people/taylor-noyer.jpg
Tim J,metadata/identity-review/reference-people/tim-j.jpg
Tim Meyers,metadata/identity-review/reference-people/tim-meyers.jpg
TODD LEONARD,metadata/identity-review/reference-people/todd-leonard.jpg
Todd Lurie,metadata/identity-review/reference-people/todd-lurie.jpg
Trelawny,metadata/identity-review/reference-people/trelawny.jpg
Ty Damon,metadata/identity-review/reference-people/ty-damon.jpg
Tyler,metadata/identity-review/reference-people/tyler.jpg
Zach Soskin,metadata/identity-review/reference-people/zach-soskin.jpg
