person,path,face_index,crop,area
Abe Burton,After Party/rachelzach-1131.jpg,01,metadata/identity-review/reference-crops/abe-burton/01-after-party-rachelzach-1131.jpg,0.012474
Abe Burton,Film/rachelzachfilm-65.jpg,02,metadata/identity-review/reference-crops/abe-burton/02-film-rachelzachfilm-65.jpg,0.009217
Abe Burton,Dancing/rachelzach-1012.jpg,03,metadata/identity-review/reference-crops/abe-burton/03-dancing-rachelzach-1012.jpg,0.009163
Adam Lynn,Cocktail Hour/rachelzach-598.jpg,01,metadata/identity-review/reference-crops/adam-lynn/01-cocktail-hour-rachelzach-598.jpg,0.041869
Adam Stillman,Day 1/rachelzachday1-49.jpg,01,metadata/identity-review/reference-crops/adam-stillman/01-day-1-rachelzachday1-49.jpg,0.007631
Adam Lynn,Dancing/rachelzach-942.jpg,02,metadata/identity-review/reference-crops/adam-lynn/02-dancing-rachelzach-942.jpg,0.031318
Abe Burton,Reception/rachelzach-816.jpg,04,metadata/identity-review/reference-crops/abe-burton/04-reception-rachelzach-816.jpg,0.008550
Adam Brown,Day 1/rachelzachday1-204.jpg,01,metadata/identity-review/reference-crops/adam-brown/01-day-1-rachelzachday1-204.jpg,0.022157
Adam Lynn,After Party/rachelzach-1148.jpg,03,metadata/identity-review/reference-crops/adam-lynn/03-after-party-rachelzach-1148.jpg,0.025711
Adam Stillman,Ceremony/rachelzach-305.jpg,02,metadata/identity-review/reference-crops/adam-stillman/02-ceremony-rachelzach-305.jpg,0.005373
Adam Brown,Day 1/rachelzachday1-95.jpg,02,metadata/identity-review/reference-crops/adam-brown/02-day-1-rachelzachday1-95.jpg,0.018908
Adam Stillman,Friends & Family/rachelzach-477.jpg,03,metadata/identity-review/reference-crops/adam-stillman/03-friends-and-family-rachelzach-477.jpg,0.002065
Adam Lynn,Reception/rachelzach-715.jpg,04,metadata/identity-review/reference-crops/adam-lynn/04-reception-rachelzach-715.jpg,0.023794
Abe Burton,Day 1/rachelzachday1-221.jpg,05,metadata/identity-review/reference-crops/abe-burton/05-day-1-rachelzachday1-221.jpg,0.006410
Adam Brown,After Party/rachelzach-1147.jpg,03,metadata/identity-review/reference-crops/adam-brown/03-after-party-rachelzach-1147.jpg,0.011598
Adam Lynn,After Party/rachelzach-1162.jpg,05,metadata/identity-review/reference-crops/adam-lynn/05-after-party-rachelzach-1162.jpg,0.017326
Adam Brown,Reception/rachelzach-891.jpg,04,metadata/identity-review/reference-crops/adam-brown/04-reception-rachelzach-891.jpg,0.010822
Adam Lynn,Reception/rachelzach-723.jpg,06,metadata/identity-review/reference-crops/adam-lynn/06-reception-rachelzach-723.jpg,0.012384
Adam Stillman,Day 1/rachelzachday1-14.jpg,04,metadata/identity-review/reference-crops/adam-stillman/04-day-1-rachelzachday1-14.jpg,0.001838
Adam Brown,Dancing/rachelzach-1027.jpg,05,metadata/identity-review/reference-crops/adam-brown/05-dancing-rachelzach-1027.jpg,0.007631
Adi,Cocktail Hour/rachelzach-463.jpg,01,metadata/identity-review/reference-crops/adi/01-cocktail-hour-rachelzach-463.jpg,0.047429
Adam Brown,Dancing/rachelzach-983.jpg,06,metadata/identity-review/reference-crops/adam-brown/06-dancing-rachelzach-983.jpg,0.004817
Alex Muecke,Day 1/rachelzachday1-178.jpg,01,metadata/identity-review/reference-crops/alex-muecke/01-day-1-rachelzachday1-178.jpg,0.027624
Alex Muecke,Dancing/rachelzach-991.jpg,02,metadata/identity-review/reference-crops/alex-muecke/02-dancing-rachelzach-991.jpg,0.017013
Adam Stillman,Day 1/rachelzachday1-17.jpg,05,metadata/identity-review/reference-crops/adam-stillman/05-day-1-rachelzachday1-17.jpg,0.001741
Adi,Sneak Peek/RachelZach-84.jpg,02,metadata/identity-review/reference-crops/adi/02-sneak-peek-rachelzach-84.jpg,0.046912
Alex Muecke,Reception/rachelzach-829.jpg,03,metadata/identity-review/reference-crops/alex-muecke/03-reception-rachelzach-829.jpg,0.016090
Alex Muecke,Dancing/rachelzach-1088.jpg,04,metadata/identity-review/reference-crops/alex-muecke/04-dancing-rachelzach-1088.jpg,0.014034
Allan C,Day 1/rachelzachday1-244.jpg,01,metadata/identity-review/reference-crops/allan-c/01-day-1-rachelzachday1-244.jpg,0.039936
Alex Muecke,Reception/rachelzach-831.jpg,05,metadata/identity-review/reference-crops/alex-muecke/05-reception-rachelzach-831.jpg,0.012384
Adam Stillman,Day 1/rachelzachday1-13.jpg,06,metadata/identity-review/reference-crops/adam-stillman/06-day-1-rachelzachday1-13.jpg,0.001650
Adi,Reception/rachelzach-849.jpg,03,metadata/identity-review/reference-crops/adi/03-reception-rachelzach-849.jpg,0.026837
Alex Muecke,Day 1/rachelzachday1-109.jpg,06,metadata/identity-review/reference-crops/alex-muecke/06-day-1-rachelzachday1-109.jpg,0.009983
Adi,Reception/rachelzach-886.jpg,04,metadata/identity-review/reference-crops/adi/04-reception-rachelzach-886.jpg,0.020933
Allan C,Day 1/rachelzachday1-87.jpg,02,metadata/identity-review/reference-crops/allan-c/02-day-1-rachelzachday1-87.jpg,0.009624
Aly Gilboa,Sneak Peek/RachelZach-103.jpg,01,metadata/identity-review/reference-crops/aly-gilboa/01-sneak-peek-rachelzach-103.jpg,0.034794
Allan C,Day 1/rachelzachday1-260.jpg,03,metadata/identity-review/reference-crops/allan-c/03-day-1-rachelzachday1-260.jpg,0.002896
Adi,Ceremony/rachelzach-335.jpg,05,metadata/identity-review/reference-crops/adi/05-ceremony-rachelzach-335.jpg,0.010331
Allan C,Day 1/rachelzachday1-295.jpg,04,metadata/identity-review/reference-crops/allan-c/04-day-1-rachelzachday1-295.jpg,0.002059
Alyssa Scott,Day 1/rachelzachday1-74.jpg,01,metadata/identity-review/reference-crops/alyssa-scott/01-day-1-rachelzachday1-74.jpg,0.028992
Adi,Day 1/rachelzachday1-79.jpg,06,metadata/identity-review/reference-crops/adi/06-day-1-rachelzachday1-79.jpg,0.005373
Amanda,Ceremony/rachelzach-243.jpg,01,metadata/identity-review/reference-crops/amanda/01-ceremony-rachelzach-243.jpg,0.004169
Aly Gilboa,Day 1/rachelzachday1-70.jpg,02,metadata/identity-review/reference-crops/aly-gilboa/02-day-1-rachelzachday1-70.jpg,0.030943
Beth,Day 1/rachelzachday1-108.jpg,01,metadata/identity-review/reference-crops/beth/01-day-1-rachelzachday1-108.jpg,0.018936
Aly Gilboa,Day 1/rachelzachday1-158.jpg,03,metadata/identity-review/reference-crops/aly-gilboa/03-day-1-rachelzachday1-158.jpg,0.022733
BECKY,Cocktail Hour/rachelzach-593.jpg,01,metadata/identity-review/reference-crops/becky/01-cocktail-hour-rachelzach-593.jpg,0.019573
Beth,Ceremony/rachelzach-285.jpg,02,metadata/identity-review/reference-crops/beth/02-ceremony-rachelzach-285.jpg,0.009614
ASHLEY,Day 1/rachelzachday1-73.jpg,01,metadata/identity-review/reference-crops/ashley/01-day-1-rachelzachday1-73.jpg,0.036749
BECKY,Cocktail Hour/rachelzach-613.jpg,02,metadata/identity-review/reference-crops/becky/02-cocktail-hour-rachelzach-613.jpg,0.005215
Aly Gilboa,Cocktail Hour/rachelzach-556.jpg,04,metadata/identity-review/reference-crops/aly-gilboa/04-cocktail-hour-rachelzach-556.jpg,0.022521
ASHLEY,Day 1/rachelzachday1-279.jpg,02,metadata/identity-review/reference-crops/ashley/02-day-1-rachelzachday1-279.jpg,0.007208
Beth,Ceremony/rachelzach-305.jpg,03,metadata/identity-review/reference-crops/beth/03-ceremony-rachelzach-305.jpg,0.005208
BECKY,Cocktail Hour/rachelzach-576.jpg,03,metadata/identity-review/reference-crops/becky/03-cocktail-hour-rachelzach-576.jpg,0.004810
Aly Gilboa,Cocktail Hour/rachelzach-564.jpg,05,metadata/identity-review/reference-crops/aly-gilboa/05-cocktail-hour-rachelzach-564.jpg,0.019065
ASHLEY,Day 1/rachelzachday1-278.jpg,03,metadata/identity-review/reference-crops/ashley/03-day-1-rachelzachday1-278.jpg,0.005320
BECKY,Cocktail Hour/rachelzach-578.jpg,04,metadata/identity-review/reference-crops/becky/04-cocktail-hour-rachelzach-578.jpg,0.004652
Beth,Ceremony/rachelzach-303.jpg,04,metadata/identity-review/reference-crops/beth/04-ceremony-rachelzach-303.jpg,0.002691
ASHLEY,Sneak Peek/1. RachelZach-53.jpg,04,metadata/identity-review/reference-crops/ashley/04-sneak-peek-1-rachelzach-53.jpg,0.005320
BECKY,Cocktail Hour/rachelzach-582.jpg,05,metadata/identity-review/reference-crops/becky/05-cocktail-hour-rachelzach-582.jpg,0.002178
Aly Gilboa,Sneak Peek/RachelZach-103.jpg,06,metadata/identity-review/reference-crops/aly-gilboa/06-sneak-peek-rachelzach-103.jpg,0.019065
ASHLEY,Day 1/rachelzachday1-297.jpg,05,metadata/identity-review/reference-crops/ashley/05-day-1-rachelzachday1-297.jpg,0.003158
Bob P,Day 1/rachelzachday1-118.jpg,01,metadata/identity-review/reference-crops/bob-p/01-day-1-rachelzachday1-118.jpg,0.029691
ASHLEY,Day 1/rachelzachday1-259.jpg,06,metadata/identity-review/reference-crops/ashley/06-day-1-rachelzachday1-259.jpg,0.002768
Bob P,Day 1/rachelzachday1-102.jpg,02,metadata/identity-review/reference-crops/bob-p/02-day-1-rachelzachday1-102.jpg,0.026059
Brendan,Reception/rachelzach-849.jpg,01,metadata/identity-review/reference-crops/brendan/01-reception-rachelzach-849.jpg,0.063655
Brendan,After Party/rachelzach-1105.jpg,02,metadata/identity-review/reference-crops/brendan/02-after-party-rachelzach-1105.jpg,0.020277
Bryant,Day 1/rachelzachday1-72.jpg,01,metadata/identity-review/reference-crops/bryant/01-day-1-rachelzachday1-72.jpg,0.026734
Carter,Day 1/rachelzachday1-162.jpg,01,metadata/identity-review/reference-crops/carter/01-day-1-rachelzachday1-162.jpg,0.045812
Bob P,Cocktail Hour/rachelzach-613.jpg,03,metadata/identity-review/reference-crops/bob-p/03-cocktail-hour-rachelzach-613.jpg,0.007946
Brendan,Ceremony/rachelzach-335.jpg,03,metadata/identity-review/reference-crops/brendan/03-ceremony-rachelzach-335.jpg,0.016369
Bryant,Ceremony/rachelzach-220.jpg,02,metadata/identity-review/reference-crops/bryant/02-ceremony-rachelzach-220.jpg,0.013473
Bob P,Cocktail Hour/rachelzach-576.jpg,04,metadata/identity-review/reference-crops/bob-p/04-cocktail-hour-rachelzach-576.jpg,0.006419
Carter,Sneak Peek/1. RachelZach-26.jpg,02,metadata/identity-review/reference-crops/carter/02-sneak-peek-1-rachelzach-26.jpg,0.045812
Brendan,Cocktail Hour/rachelzach-549.jpg,04,metadata/identity-review/reference-crops/brendan/04-cocktail-hour-rachelzach-549.jpg,0.007219
Bryant,Reception/rachelzach-690.jpg,03,metadata/identity-review/reference-crops/bryant/03-reception-rachelzach-690.jpg,0.013455
Brendan,Dancing/rachelzach-1060.jpg,05,metadata/identity-review/reference-crops/brendan/05-dancing-rachelzach-1060.jpg,0.004817
Bob P,Cocktail Hour/rachelzach-578.jpg,05,metadata/identity-review/reference-crops/bob-p/05-cocktail-hour-rachelzach-578.jpg,0.005328
Brendan,Dancing/rachelzach-960.jpg,06,metadata/identity-review/reference-crops/brendan/06-dancing-rachelzach-960.jpg,0.003438
Carter,Day 1/rachelzachday1-163.jpg,03,metadata/identity-review/reference-crops/carter/03-day-1-rachelzachday1-163.jpg,0.041809
Carter,Film/rachelzachfilm-51.jpg,04,metadata/identity-review/reference-crops/carter/04-film-rachelzachfilm-51.jpg,0.028231
Bryant,Day 1/rachelzachday1-189.jpg,04,metadata/identity-review/reference-crops/bryant/04-day-1-rachelzachday1-189.jpg,0.011236
Carter,Dancing/rachelzach-1018.jpg,05,metadata/identity-review/reference-crops/carter/05-dancing-rachelzach-1018.jpg,0.018284
Bob P,Ceremony/rachelzach-253.jpg,06,metadata/identity-review/reference-crops/bob-p/06-ceremony-rachelzach-253.jpg,0.003572
Chad Slomovitz,Day 1/rachelzachday1-272.jpg,01,metadata/identity-review/reference-crops/chad-slomovitz/01-day-1-rachelzachday1-272.jpg,0.014014
Bryant,Ceremony/rachelzach-219.jpg,05,metadata/identity-review/reference-crops/bryant/05-ceremony-rachelzach-219.jpg,0.010300
Carter,Ceremony/rachelzach-233.jpg,06,metadata/identity-review/reference-crops/carter/06-ceremony-rachelzach-233.jpg,0.001069
Charlie Weisman,Reception/rachelzach-725.jpg,01,metadata/identity-review/reference-crops/charlie-weisman/01-reception-rachelzach-725.jpg,0.029647
Chad Slomovitz,Day 1/rachelzachday1-24.jpg,02,metadata/identity-review/reference-crops/chad-slomovitz/02-day-1-rachelzachday1-24.jpg,0.003183
Bryant,Day 1/rachelzachday1-265.jpg,06,metadata/identity-review/reference-crops/bryant/06-day-1-rachelzachday1-265.jpg,0.008699
Charlie Weisman,Day 1/rachelzachday1-158.jpg,02,metadata/identity-review/reference-crops/charlie-weisman/02-day-1-rachelzachday1-158.jpg,0.026484
Chad Slomovitz,Day 1/rachelzachday1-258.jpg,03,metadata/identity-review/reference-crops/chad-slomovitz/03-day-1-rachelzachday1-258.jpg,0.002900
Chris N,Day 1/rachelzachday1-130.jpg,01,metadata/identity-review/reference-crops/chris-n/01-day-1-rachelzachday1-130.jpg,0.021632
Chris,Day 1/rachelzachday1-220.jpg,01,metadata/identity-review/reference-crops/chris/01-day-1-rachelzachday1-220.jpg,0.012971
Charlie Weisman,Reception/rachelzach-723.jpg,03,metadata/identity-review/reference-crops/charlie-weisman/03-reception-rachelzach-723.jpg,0.026098
Chad Slomovitz,Day 1/rachelzachday1-268.jpg,04,metadata/identity-review/reference-crops/chad-slomovitz/04-day-1-rachelzachday1-268.jpg,0.002768
Chris N,Dancing/rachelzach-1091.jpg,02,metadata/identity-review/reference-crops/chris-n/02-dancing-rachelzach-1091.jpg,0.012653
Charlie Weisman,Cocktail Hour/rachelzach-449.jpg,04,metadata/identity-review/reference-crops/charlie-weisman/04-cocktail-hour-rachelzach-449.jpg,0.022341
Chris N,Cocktail Hour/rachelzach-568.jpg,03,metadata/identity-review/reference-crops/chris-n/03-cocktail-hour-rachelzach-568.jpg,0.012119
Chris,Cocktail Hour/rachelzach-619.jpg,02,metadata/identity-review/reference-crops/chris/02-cocktail-hour-rachelzach-619.jpg,0.007946
Chris N,Dancing/rachelzach-986.jpg,04,metadata/identity-review/reference-crops/chris-n/04-dancing-rachelzach-986.jpg,0.006817
Chad Slomovitz,Day 1/rachelzachday1-18.jpg,05,metadata/identity-review/reference-crops/chad-slomovitz/05-day-1-rachelzachday1-18.jpg,0.002694
Charlie Weisman,Reception/rachelzach-727.jpg,05,metadata/identity-review/reference-crops/charlie-weisman/05-reception-rachelzach-727.jpg,0.013731
Chris,Day 1/rachelzachday1-293.jpg,03,metadata/identity-review/reference-crops/chris/03-day-1-rachelzachday1-293.jpg,0.007841
Chad Slomovitz,Day 1/rachelzachday1-257.jpg,06,metadata/identity-review/reference-crops/chad-slomovitz/06-day-1-rachelzachday1-257.jpg,0.002647
Chris N,Cocktail Hour/rachelzach-617.jpg,05,metadata/identity-review/reference-crops/chris-n/05-cocktail-hour-rachelzach-617.jpg,0.006410
Charlie Weisman,Reception/rachelzach-729.jpg,06,metadata/identity-review/reference-crops/charlie-weisman/06-reception-rachelzach-729.jpg,0.011841
Chris,Day 1/rachelzachday1-294.jpg,04,metadata/identity-review/reference-crops/chris/04-day-1-rachelzachday1-294.jpg,0.006050
Chris N,Reception/rachelzach-697.jpg,06,metadata/identity-review/reference-crops/chris-n/06-reception-rachelzach-697.jpg,0.004332
Chris,Sneak Peek/1. RachelZach-57.jpg,05,metadata/identity-review/reference-crops/chris/05-sneak-peek-1-rachelzach-57.jpg,0.006050
Daniel Shin,Day 1/rachelzachday1-110.jpg,01,metadata/identity-review/reference-crops/daniel-shin/01-day-1-rachelzachday1-110.jpg,0.026098
Chris,Cocktail Hour/rachelzach-608.jpg,06,metadata/identity-review/reference-crops/chris/06-cocktail-hour-rachelzach-608.jpg,0.003575
Dan Casciano,Ceremony/rachelzach-302.jpg,01,metadata/identity-review/reference-crops/dan-casciano/01-ceremony-rachelzach-302.jpg,0.006410
Daniel Shin,Dancing/rachelzach-1060.jpg,02,metadata/identity-review/reference-crops/daniel-shin/02-dancing-rachelzach-1060.jpg,0.018936
Daniel Shin,Dancing/rachelzach-1042.jpg,03,metadata/identity-review/reference-crops/daniel-shin/03-dancing-rachelzach-1042.jpg,0.014320
Dave Gilboa,Day 1/rachelzachday1-115.jpg,01,metadata/identity-review/reference-crops/dave-gilboa/01-day-1-rachelzachday1-115.jpg,0.034846
Daniel Shin,Dancing/rachelzach-1044.jpg,04,metadata/identity-review/reference-crops/daniel-shin/04-dancing-rachelzach-1044.jpg,0.011598
Dan Casciano,Ceremony/rachelzach-303.jpg,02,metadata/identity-review/reference-crops/dan-casciano/02-ceremony-rachelzach-303.jpg,0.006053
Daniel Shin,Reception/rachelzach-739.jpg,05,metadata/identity-review/reference-crops/daniel-shin/05-reception-rachelzach-739.jpg,0.009614
Cogan,Day 1/rachelzachday1-69.jpg,01,metadata/identity-review/reference-crops/cogan/01-day-1-rachelzachday1-69.jpg,0.058778
Dave Gilboa,Sneak Peek/1. RachelZach-16.jpg,02,metadata/identity-review/reference-crops/dave-gilboa/02-sneak-peek-1-rachelzach-16.jpg,0.034846
Daniel Shin,Dancing/rachelzach-1043.jpg,06,metadata/identity-review/reference-crops/daniel-shin/06-dancing-rachelzach-1043.jpg,0.009395
Dave Gilboa,Dancing/rachelzach-950.jpg,03,metadata/identity-review/reference-crops/dave-gilboa/03-dancing-rachelzach-950.jpg,0.003580
Cogan,Reception/rachelzach-755.jpg,02,metadata/identity-review/reference-crops/cogan/02-reception-rachelzach-755.jpg,0.034352
Dan Casciano,Day 1/rachelzachday1-22.jpg,03,metadata/identity-review/reference-crops/dan-casciano/03-day-1-rachelzachday1-22.jpg,0.005380
Cogan,Dancing/rachelzach-1018.jpg,03,metadata/identity-review/reference-crops/cogan/03-dancing-rachelzach-1018.jpg,0.023460
David Benrud,Day 1/rachelzachday1-102.jpg,01,metadata/identity-review/reference-crops/david-benrud/01-day-1-rachelzachday1-102.jpg,0.028025
Dave Gilboa,Cocktail Hour/rachelzach-566.jpg,04,metadata/identity-review/reference-crops/dave-gilboa/04-cocktail-hour-rachelzach-566.jpg,0.003433
Dan Casciano,Ceremony/rachelzach-300.jpg,04,metadata/identity-review/reference-crops/dan-casciano/04-ceremony-rachelzach-300.jpg,0.005373
Dave Gilboa,Day 1/rachelzachday1-263.jpg,05,metadata/identity-review/reference-crops/dave-gilboa/05-day-1-rachelzachday1-263.jpg,0.002644
David Benrud,Day 1/rachelzachday1-117.jpg,02,metadata/identity-review/reference-crops/david-benrud/02-day-1-rachelzachday1-117.jpg,0.027271
Dan Casciano,Ceremony/rachelzach-297.jpg,05,metadata/identity-review/reference-crops/dan-casciano/05-ceremony-rachelzach-297.jpg,0.005147
Dave Gilboa,Day 1/rachelzachday1-296.jpg,06,metadata/identity-review/reference-crops/dave-gilboa/06-day-1-rachelzachday1-296.jpg,0.001853
Cogan,Day 1/rachelzachday1-68.jpg,04,metadata/identity-review/reference-crops/cogan/04-day-1-rachelzachday1-68.jpg,0.021058
Cogan,Day 1/rachelzachday1-136.jpg,05,metadata/identity-review/reference-crops/cogan/05-day-1-rachelzachday1-136.jpg,0.010089
Dan Casciano,Day 1/rachelzachday1-21.jpg,06,metadata/identity-review/reference-crops/dan-casciano/06-day-1-rachelzachday1-21.jpg,0.003712
David Benrud,Cocktail Hour/rachelzach-612.jpg,03,metadata/identity-review/reference-crops/david-benrud/03-cocktail-hour-rachelzach-612.jpg,0.012463
David Burton,Day 1/rachelzachday1-171.jpg,01,metadata/identity-review/reference-crops/david-burton/01-day-1-rachelzachday1-171.jpg,0.012634
Cogan,Day 1/rachelzachday1-135.jpg,06,metadata/identity-review/reference-crops/cogan/06-day-1-rachelzachday1-135.jpg,0.008699
David Burton,Sneak Peek/1. RachelZach-28.jpg,02,metadata/identity-review/reference-crops/david-burton/02-sneak-peek-1-rachelzach-28.jpg,0.012634
David Burton,Dancing/rachelzach-944.jpg,03,metadata/identity-review/reference-crops/david-burton/03-dancing-rachelzach-944.jpg,0.005683
David Benrud,Cocktail Hour/rachelzach-613.jpg,04,metadata/identity-review/reference-crops/david-benrud/04-cocktail-hour-rachelzach-613.jpg,0.007161
David Post,Day 1/rachelzachday1-137.jpg,01,metadata/identity-review/reference-crops/david-post/01-day-1-rachelzachday1-137.jpg,0.044355
Debi,Day 1/rachelzachday1-184.jpg,01,metadata/identity-review/reference-crops/debi/01-day-1-rachelzachday1-184.jpg,0.037523
David Benrud,Cocktail Hour/rachelzach-580.jpg,05,metadata/identity-review/reference-crops/david-benrud/05-cocktail-hour-rachelzach-580.jpg,0.006419
Dee Burton,Day 1/rachelzachday1-184.jpg,01,metadata/identity-review/reference-crops/dee-burton/01-day-1-rachelzachday1-184.jpg,0.038458
David Post,Sneak Peek/1. RachelZach-19.jpg,02,metadata/identity-review/reference-crops/david-post/02-sneak-peek-1-rachelzach-19.jpg,0.044355
Debi,Day 1/rachelzachday1-122.jpg,02,metadata/identity-review/reference-crops/debi/02-day-1-rachelzachday1-122.jpg,0.030062
David Benrud,Cocktail Hour/rachelzach-580.jpg,06,metadata/identity-review/reference-crops/david-benrud/06-cocktail-hour-rachelzach-580.jpg,0.006419
Dee Burton,Day 1/rachelzachday1-181.jpg,02,metadata/identity-review/reference-crops/dee-burton/02-day-1-rachelzachday1-181.jpg,0.019937
David Post,Day 1/rachelzachday1-181.jpg,03,metadata/identity-review/reference-crops/david-post/03-day-1-rachelzachday1-181.jpg,0.026098
Debi,Cocktail Hour/rachelzach-599.jpg,03,metadata/identity-review/reference-crops/debi/03-cocktail-hour-rachelzach-599.jpg,0.012119
Dee Burton,Day 1/rachelzachday1-279.jpg,03,metadata/identity-review/reference-crops/dee-burton/03-day-1-rachelzachday1-279.jpg,0.005497
Dubov,After Party/rachelzach-1119.jpg,01,metadata/identity-review/reference-crops/dubov/01-after-party-rachelzach-1119.jpg,0.032217
Dubov,Reception/rachelzach-823.jpg,02,metadata/identity-review/reference-crops/dubov/02-reception-rachelzach-823.jpg,0.016369
Dee Burton,Sneak Peek/1. RachelZach-53.jpg,04,metadata/identity-review/reference-crops/dee-burton/04-sneak-peek-1-rachelzach-53.jpg,0.004169
Debi,Ceremony/rachelzach-345.jpg,04,metadata/identity-review/reference-crops/debi/04-ceremony-rachelzach-345.jpg,0.010530
Dubov,Day 1/rachelzachday1-265.jpg,03,metadata/identity-review/reference-crops/dubov/03-day-1-rachelzachday1-265.jpg,0.008699
Dee Burton,Day 1/rachelzachday1-278.jpg,05,metadata/identity-review/reference-crops/dee-burton/05-day-1-rachelzachday1-278.jpg,0.003719
David Post,Day 1/rachelzachday1-89.jpg,04,metadata/identity-review/reference-crops/david-post/04-day-1-rachelzachday1-89.jpg,0.023175
David Post,Film/rachelzachfilm-48.jpg,05,metadata/identity-review/reference-crops/david-post/05-film-rachelzachfilm-48.jpg,0.017428
David Post,Film/rachelzachfilm-109.jpg,06,metadata/identity-review/reference-crops/david-post/06-film-rachelzachfilm-109.jpg,0.014404
Dubov,Dancing/rachelzach-1019.jpg,04,metadata/identity-review/reference-crops/dubov/04-dancing-rachelzach-1019.jpg,0.008271
Debi,Ceremony/rachelzach-285.jpg,05,metadata/identity-review/reference-crops/debi/05-ceremony-rachelzach-285.jpg,0.007830
Dee Burton,Day 1/rachelzachday1-259.jpg,06,metadata/identity-review/reference-crops/dee-burton/06-day-1-rachelzachday1-259.jpg,0.002404
Ellie Soskin,Film/rachelzachfilm-171.jpg,01,metadata/identity-review/reference-crops/ellie-soskin/01-film-rachelzachfilm-171.jpg,0.020741
Debi,Ceremony/rachelzach-256.jpg,06,metadata/identity-review/reference-crops/debi/06-ceremony-rachelzach-256.jpg,0.007412
Elizabeth Licon,Day 1/rachelzachday1-123.jpg,01,metadata/identity-review/reference-crops/elizabeth-licon/01-day-1-rachelzachday1-123.jpg,0.035244
Ellie Soskin,After Party/rachelzach-1132.jpg,02,metadata/identity-review/reference-crops/ellie-soskin/02-after-party-rachelzach-1132.jpg,0.008712
Dubov,Ceremony/rachelzach-244.jpg,05,metadata/identity-review/reference-crops/dubov/05-ceremony-rachelzach-244.jpg,0.005539
Ellie Soskin,After Party/rachelzach-1131.jpg,03,metadata/identity-review/reference-crops/ellie-soskin/03-after-party-rachelzach-1131.jpg,0.007631
Ellie Soskin,After Party/rachelzach-1143.jpg,04,metadata/identity-review/reference-crops/ellie-soskin/04-after-party-rachelzach-1143.jpg,0.004797
Dubov,Day 1/rachelzachday1-297.jpg,06,metadata/identity-review/reference-crops/dubov/06-day-1-rachelzachday1-297.jpg,0.004169
Elizabeth Licon,Day 1/rachelzachday1-183.jpg,02,metadata/identity-review/reference-crops/elizabeth-licon/02-day-1-rachelzachday1-183.jpg,0.014014
Emily Stillman,Cocktail Hour/rachelzach-573.jpg,01,metadata/identity-review/reference-crops/emily-stillman/01-cocktail-hour-rachelzach-573.jpg,0.017617
Emily Stillman,Cocktail Hour/rachelzach-615.jpg,02,metadata/identity-review/reference-crops/emily-stillman/02-cocktail-hour-rachelzach-615.jpg,0.008937
Erik,Reception/rachelzach-820.jpg,01,metadata/identity-review/reference-crops/erik/01-reception-rachelzach-820.jpg,0.047360
Frankie B,Day 1/rachelzachday1-114.jpg,01,metadata/identity-review/reference-crops/frankie-b/01-day-1-rachelzachday1-114.jpg,0.039401
Erin,Cocktail Hour/rachelzach-495.jpg,01,metadata/identity-review/reference-crops/erin/01-cocktail-hour-rachelzach-495.jpg,0.059503
Erik,Dancing/rachelzach-1047.jpg,02,metadata/identity-review/reference-crops/erik/02-dancing-rachelzach-1047.jpg,0.015192
Gisel,After Party/rachelzach-1109.jpg,01,metadata/identity-review/reference-crops/gisel/01-after-party-rachelzach-1109.jpg,0.035296
Frankie B,Sneak Peek/1. RachelZach-15.jpg,02,metadata/identity-review/reference-crops/frankie-b/02-sneak-peek-1-rachelzach-15.jpg,0.039401
Erik,Cocktail Hour/rachelzach-549.jpg,03,metadata/identity-review/reference-crops/erik/03-cocktail-hour-rachelzach-549.jpg,0.008490
Gisel,Cocktail Hour/rachelzach-634.jpg,02,metadata/identity-review/reference-crops/gisel/02-cocktail-hour-rachelzach-634.jpg,0.022700
Erik,Reception/rachelzach-831.jpg,04,metadata/identity-review/reference-crops/erik/04-reception-rachelzach-831.jpg,0.005155
Erin,Cocktail Hour/rachelzach-556.jpg,02,metadata/identity-review/reference-crops/erin/02-cocktail-hour-rachelzach-556.jpg,0.015128
Frankie B,Cocktail Hour/rachelzach-460.jpg,03,metadata/identity-review/reference-crops/frankie-b/03-cocktail-hour-rachelzach-460.jpg,0.022341
Erin,Dancing/rachelzach-945.jpg,03,metadata/identity-review/reference-crops/erin/03-dancing-rachelzach-945.jpg,0.003163
Frankie B,Dancing/rachelzach-1035.jpg,04,metadata/identity-review/reference-crops/frankie-b/04-dancing-rachelzach-1035.jpg,0.018610
Frankie B,Dancing/rachelzach-1025.jpg,05,metadata/identity-review/reference-crops/frankie-b/05-dancing-rachelzach-1025.jpg,0.016393
Erik,Day 1/rachelzachday1-185.jpg,05,metadata/identity-review/reference-crops/erik/05-day-1-rachelzachday1-185.jpg,0.004894
Gisel,Day 1/rachelzachday1-207.jpg,03,metadata/identity-review/reference-crops/gisel/03-day-1-rachelzachday1-207.jpg,0.019551
Erik,Dancing/rachelzach-1028.jpg,06,metadata/identity-review/reference-crops/erik/06-dancing-rachelzach-1028.jpg,0.003030
Frankie B,Dancing/rachelzach-947.jpg,06,metadata/identity-review/reference-crops/frankie-b/06-dancing-rachelzach-947.jpg,0.015192
Erin,Day 1/rachelzachday1-198.jpg,04,metadata/identity-review/reference-crops/erin/04-day-1-rachelzachday1-198.jpg,0.002243
Gisel,After Party/rachelzach-1110.jpg,04,metadata/identity-review/reference-crops/gisel/04-after-party-rachelzach-1110.jpg,0.016090
Gisel,Cocktail Hour/rachelzach-635.jpg,05,metadata/identity-review/reference-crops/gisel/05-cocktail-hour-rachelzach-635.jpg,0.014585
Harris,Cocktail Hour/rachelzach-503.jpg,01,metadata/identity-review/reference-crops/harris/01-cocktail-hour-rachelzach-503.jpg,0.007153
Erin,Day 1/rachelzachday1-222.jpg,05,metadata/identity-review/reference-crops/erin/05-day-1-rachelzachday1-222.jpg,0.001648
Gisel,Sneak Peek/RachelZach-110.jpg,06,metadata/identity-review/reference-crops/gisel/06-sneak-peek-rachelzach-110.jpg,0.014585
Greg,Cocktail Hour/rachelzach-612.jpg,01,metadata/identity-review/reference-crops/greg/01-cocktail-hour-rachelzach-612.jpg,0.012716
Harris,Sneak Peek/RachelZach-90.jpg,02,metadata/identity-review/reference-crops/harris/02-sneak-peek-rachelzach-90.jpg,0.007153
Greg,After Party/rachelzach-1163.jpg,02,metadata/identity-review/reference-crops/greg/02-after-party-rachelzach-1163.jpg,0.008271
HECKLIN,Sneak Peek/RachelZach-106.jpg,01,metadata/identity-review/reference-crops/hecklin/01-sneak-peek-rachelzach-106.jpg,0.037523
Harris,Day 1/rachelzachday1-267.jpg,03,metadata/identity-review/reference-crops/harris/03-day-1-rachelzachday1-267.jpg,0.004810
Ivan Licon,Day 1/rachelzachday1-54.jpg,01,metadata/identity-review/reference-crops/ivan-licon/01-day-1-rachelzachday1-54.jpg,0.016526
Ivan Licon,Film/rachelzachfilm-42.jpg,02,metadata/identity-review/reference-crops/ivan-licon/02-film-rachelzachfilm-42.jpg,0.014404
Greg,Cocktail Hour/rachelzach-613.jpg,03,metadata/identity-review/reference-crops/greg/03-cocktail-hour-rachelzach-613.jpg,0.006973
HECKLIN,Cocktail Hour/rachelzach-595.jpg,02,metadata/identity-review/reference-crops/hecklin/02-cocktail-hour-rachelzach-595.jpg,0.031744
Greg,Cocktail Hour/rachelzach-578.jpg,04,metadata/identity-review/reference-crops/greg/04-cocktail-hour-rachelzach-578.jpg,0.006237
Harris,Day 1/rachelzachday1-222.jpg,04,metadata/identity-review/reference-crops/harris/04-day-1-rachelzachday1-222.jpg,0.002034
J Mohr,Day 1/rachelzachday1-243.jpg,01,metadata/identity-review/reference-crops/j-mohr/01-day-1-rachelzachday1-243.jpg,0.016369
HECKLIN,Cocktail Hour/rachelzach-594.jpg,03,metadata/identity-review/reference-crops/hecklin/03-cocktail-hour-rachelzach-594.jpg,0.028831
Greg,Dancing/rachelzach-958.jpg,05,metadata/identity-review/reference-crops/greg/05-dancing-rachelzach-958.jpg,0.004325
J Mohr,Day 1/rachelzachday1-236.jpg,02,metadata/identity-review/reference-crops/j-mohr/02-day-1-rachelzachday1-236.jpg,0.007619
J Til,Day 1/rachelzachday1-110.jpg,01,metadata/identity-review/reference-crops/j-til/01-day-1-rachelzachday1-110.jpg,0.026484
HECKLIN,Cocktail Hour/rachelzach-567.jpg,04,metadata/identity-review/reference-crops/hecklin/04-cocktail-hour-rachelzach-567.jpg,0.009849
Greg,Cocktail Hour/rachelzach-579.jpg,06,metadata/identity-review/reference-crops/greg/06-cocktail-hour-rachelzach-579.jpg,0.003030
J Mohr,Sneak Peek/1. RachelZach-42.jpg,03,metadata/identity-review/reference-crops/j-mohr/03-sneak-peek-1-rachelzach-42.jpg,0.006622
HECKLIN,Sneak Peek/RachelZach-42.jpg,05,metadata/identity-review/reference-crops/hecklin/05-sneak-peek-rachelzach-42.jpg,0.002291
J Til,Day 1/rachelzachday1-109.jpg,02,metadata/identity-review/reference-crops/j-til/02-day-1-rachelzachday1-109.jpg,0.023460
J Til,Day 1/rachelzachday1-136.jpg,03,metadata/identity-review/reference-crops/j-til/03-day-1-rachelzachday1-136.jpg,0.020247
Jacquie,Day 1/rachelzachday1-148.jpg,01,metadata/identity-review/reference-crops/jacquie/01-day-1-rachelzachday1-148.jpg,0.038458
Jamie,Ceremony/rachelzach-240.jpg,01,metadata/identity-review/reference-crops/jamie/01-ceremony-rachelzach-240.jpg,0.012366
Jacquie,Dancing/rachelzach-943.jpg,02,metadata/identity-review/reference-crops/jacquie/02-dancing-rachelzach-943.jpg,0.013752
Jake Lurie,Day 1/rachelzachday1-168.jpg,01,metadata/identity-review/reference-crops/jake-lurie/01-day-1-rachelzachday1-168.jpg,0.029239
Jacquie,Sneak Peek/Sneak.jpg,03,metadata/identity-review/reference-crops/jacquie/03-sneak-peek-sneak.jpg,0.013752
Jacquie,Dancing/rachelzach-944.jpg,04,metadata/identity-review/reference-crops/jacquie/04-dancing-rachelzach-944.jpg,0.011858
J Til,Day 1/rachelzachday1-54.jpg,04,metadata/identity-review/reference-crops/j-til/04-day-1-rachelzachday1-54.jpg,0.015667
Jamie,Ceremony/rachelzach-344.jpg,02,metadata/identity-review/reference-crops/jamie/02-ceremony-rachelzach-344.jpg,0.005715
Janice,After Party/rachelzach-1163.jpg,01,metadata/identity-review/reference-crops/janice/01-after-party-rachelzach-1163.jpg,0.005155
Jake Lurie,Day 1/rachelzachday1-51.jpg,02,metadata/identity-review/reference-crops/jake-lurie/02-day-1-rachelzachday1-51.jpg,0.028992
Janice,Cocktail Hour/rachelzach-580.jpg,02,metadata/identity-review/reference-crops/janice/02-cocktail-hour-rachelzach-580.jpg,0.004484
J Til,Day 1/rachelzachday1-88.jpg,05,metadata/identity-review/reference-crops/j-til/05-day-1-rachelzachday1-88.jpg,0.011236
Jamie,Ceremony/rachelzach-343.jpg,03,metadata/identity-review/reference-crops/jamie/03-ceremony-rachelzach-343.jpg,0.005046
Janice,Cocktail Hour/rachelzach-582.jpg,03,metadata/identity-review/reference-crops/janice/03-cocktail-hour-rachelzach-582.jpg,0.002068
Jake Lurie,Day 1/rachelzachday1-282.jpg,03,metadata/identity-review/reference-crops/jake-lurie/03-day-1-rachelzachday1-282.jpg,0.015465
Jason Howarth,Dancing/rachelzach-1091.jpg,01,metadata/identity-review/reference-crops/jason-howarth/01-dancing-rachelzach-1091.jpg,0.027665
J Til,Day 1/rachelzachday1-135.jpg,06,metadata/identity-review/reference-crops/j-til/06-day-1-rachelzachday1-135.jpg,0.011073
Jake Lurie,Ceremony/rachelzach-270.jpg,04,metadata/identity-review/reference-crops/jake-lurie/04-ceremony-rachelzach-270.jpg,0.007619
Jeremy Burton Burton,Dancing/rachelzach-970.jpg,01,metadata/identity-review/reference-crops/jeremy-burton-burton/01-dancing-rachelzach-970.jpg,0.001960
Jeremy Burton Burton,Film/rachelzachfilm-162.jpg,02,metadata/identity-review/reference-crops/jeremy-burton-burton/02-film-rachelzachfilm-162.jpg,0.000900
Jason Howarth,Cocktail Hour/rachelzach-552.jpg,02,metadata/identity-review/reference-crops/jason-howarth/02-cocktail-hour-rachelzach-552.jpg,0.008924
Jeffry Lurie,Day 1/rachelzachday1-282.jpg,01,metadata/identity-review/reference-crops/jeffry-lurie/01-day-1-rachelzachday1-282.jpg,0.026837
Jake Lurie,Ceremony/rachelzach-265.jpg,05,metadata/identity-review/reference-crops/jake-lurie/05-ceremony-rachelzach-265.jpg,0.007208
Jason Howarth,Ceremony/rachelzach-284.jpg,03,metadata/identity-review/reference-crops/jason-howarth/03-ceremony-rachelzach-284.jpg,0.003295
Jody Post,Dancing/rachelzach-967.jpg,01,metadata/identity-review/reference-crops/jody-post/01-dancing-rachelzach-967.jpg,0.009628
Joan Soskin,Day 1/rachelzachday1-153.jpg,01,metadata/identity-review/reference-crops/joan-soskin/01-day-1-rachelzachday1-153.jpg,0.028427
Jeffry Lurie,Day 1/rachelzachday1-283.jpg,02,metadata/identity-review/reference-crops/jeffry-lurie/02-day-1-rachelzachday1-283.jpg,0.026059
Jake Lurie,Day 1/rachelzachday1-104.jpg,06,metadata/identity-review/reference-crops/jake-lurie/06-day-1-rachelzachday1-104.jpg,0.006807
Jody Post,After Party/rachelzach-1111.jpg,02,metadata/identity-review/reference-crops/jody-post/02-after-party-rachelzach-1111.jpg,0.007016
Jeffry Lurie,Ceremony/rachelzach-283.jpg,03,metadata/identity-review/reference-crops/jeffry-lurie/03-ceremony-rachelzach-283.jpg,0.015763
Joan Soskin,Sneak Peek/1. RachelZach-24.jpg,02,metadata/identity-review/reference-crops/joan-soskin/02-sneak-peek-1-rachelzach-24.jpg,0.028427
Jorie,Day 1/rachelzachday1-293.jpg,01,metadata/identity-review/reference-crops/jorie/01-day-1-rachelzachday1-293.jpg,0.017013
Jody Post,Ceremony/rachelzach-323.jpg,03,metadata/identity-review/reference-crops/jody-post/03-ceremony-rachelzach-323.jpg,0.004017
Joan Soskin,Dancing/rachelzach-1081.jpg,03,metadata/identity-review/reference-crops/joan-soskin/03-dancing-rachelzach-1081.jpg,0.004817
Jorie,Day 1/rachelzachday1-294.jpg,02,metadata/identity-review/reference-crops/jorie/02-day-1-rachelzachday1-294.jpg,0.011858
Jules,Dancing/rachelzach-1035.jpg,01,metadata/identity-review/reference-crops/jules/01-dancing-rachelzach-1035.jpg,0.005683
Jeffry Lurie,Day 1/rachelzachday1-52.jpg,04,metadata/identity-review/reference-crops/jeffry-lurie/04-day-1-rachelzachday1-52.jpg,0.005708
Jules,Cocktail Hour/rachelzach-587.jpg,02,metadata/identity-review/reference-crops/jules/02-cocktail-hour-rachelzach-587.jpg,0.003724
Jorie,Day 1/rachelzachday1-112.jpg,03,metadata/identity-review/reference-crops/jorie/03-day-1-rachelzachday1-112.jpg,0.009395
JUELS,Day 1/rachelzachday1-66.jpg,01,metadata/identity-review/reference-crops/juels/01-day-1-rachelzachday1-66.jpg,0.037230
Jeffry Lurie,Day 1/rachelzachday1-79.jpg,05,metadata/identity-review/reference-crops/jeffry-lurie/05-day-1-rachelzachday1-79.jpg,0.004426
Kaitlin Burns,Day 1/rachelzachday1-167.jpg,01,metadata/identity-review/reference-crops/kaitlin-burns/01-day-1-rachelzachday1-167.jpg,0.020247
JUELS,Day 1/rachelzachday1-167.jpg,02,metadata/identity-review/reference-crops/juels/02-day-1-rachelzachday1-167.jpg,0.017936
Kaitlin Burns,Getting Ready/rachelzach-14.jpg,02,metadata/identity-review/reference-crops/kaitlin-burns/02-getting-ready-rachelzach-14.jpg,0.010313
Jeffry Lurie,Ceremony/rachelzach-358.jpg,06,metadata/identity-review/reference-crops/jeffry-lurie/06-ceremony-rachelzach-358.jpg,0.003866
Jorie,Day 1/rachelzachday1-76.jpg,04,metadata/identity-review/reference-crops/jorie/04-day-1-rachelzachday1-76.jpg,0.006592
JUELS,Ceremony/rachelzach-231.jpg,03,metadata/identity-review/reference-crops/juels/03-ceremony-rachelzach-231.jpg,0.010575
Kaitlin Burns,Getting Ready/rachelzach-17.jpg,03,metadata/identity-review/reference-crops/kaitlin-burns/03-getting-ready-rachelzach-17.jpg,0.006062
Jorie,Day 1/rachelzachday1-297.jpg,05,metadata/identity-review/reference-crops/jorie/05-day-1-rachelzachday1-297.jpg,0.004810
Kayla,Day 1/rachelzachday1-167.jpg,01,metadata/identity-review/reference-crops/kayla/01-day-1-rachelzachday1-167.jpg,0.025673
Kaitlin Burns,Getting Ready/rachelzach-15.jpg,04,metadata/identity-review/reference-crops/kaitlin-burns/04-getting-ready-rachelzach-15.jpg,0.004738
Kayla,Getting Ready/rachelzach-14.jpg,02,metadata/identity-review/reference-crops/kayla/02-getting-ready-rachelzach-14.jpg,0.009637
Jorie,Day 1/rachelzachday1-266.jpg,06,metadata/identity-review/reference-crops/jorie/06-day-1-rachelzachday1-266.jpg,0.003617
JUELS,Ceremony/rachelzach-221.jpg,04,metadata/identity-review/reference-crops/juels/04-ceremony-rachelzach-221.jpg,0.002930
JUELS,Film/rachelzachfilm-167.jpg,05,metadata/identity-review/reference-crops/juels/05-film-rachelzachfilm-167.jpg,0.001569
Kaitlin Burns,Getting Ready/rachelzach-16.jpg,05,metadata/identity-review/reference-crops/kaitlin-burns/05-getting-ready-rachelzach-16.jpg,0.004738
Kayla,Getting Ready/rachelzach-5.jpg,03,metadata/identity-review/reference-crops/kayla/03-getting-ready-rachelzach-5.jpg,0.009395
Keagen,Ceremony/rachelzach-282.jpg,01,metadata/identity-review/reference-crops/keagen/01-ceremony-rachelzach-282.jpg,0.035244
Kaitlin Burns,Getting Ready/rachelzach-40.jpg,06,metadata/identity-review/reference-crops/kaitlin-burns/06-getting-ready-rachelzach-40.jpg,0.003438
Kelsey Meyers,Day 1/rachelzachday1-269.jpg,01,metadata/identity-review/reference-crops/kelsey-meyers/01-day-1-rachelzachday1-269.jpg,0.025292
Kayla,Getting Ready/rachelzach-6.jpg,04,metadata/identity-review/reference-crops/kayla/04-getting-ready-rachelzach-6.jpg,0.007619
Keagen,Day 1/rachelzachday1-121.jpg,02,metadata/identity-review/reference-crops/keagen/02-day-1-rachelzachday1-121.jpg,0.012366
Kelsey Nuelle,Dancing/rachelzach-1045.jpg,01,metadata/identity-review/reference-crops/kelsey-nuelle/01-dancing-rachelzach-1045.jpg,0.013473
Kayla,Getting Ready/rachelzach-15.jpg,05,metadata/identity-review/reference-crops/kayla/05-getting-ready-rachelzach-15.jpg,0.007354
Keagen,Ceremony/rachelzach-281.jpg,03,metadata/identity-review/reference-crops/keagen/03-ceremony-rachelzach-281.jpg,0.012105
Kayla,Getting Ready/rachelzach-17.jpg,06,metadata/identity-review/reference-crops/kayla/06-getting-ready-rachelzach-17.jpg,0.006600
Kelsey Meyers,Day 1/rachelzachday1-197.jpg,02,metadata/identity-review/reference-crops/kelsey-meyers/02-day-1-rachelzachday1-197.jpg,0.020215
Kelsey Nuelle,Cocktail Hour/rachelzach-617.jpg,02,metadata/identity-review/reference-crops/kelsey-nuelle/02-cocktail-hour-rachelzach-617.jpg,0.005539
Keagen,Ceremony/rachelzach-288.jpg,04,metadata/identity-review/reference-crops/keagen/04-ceremony-rachelzach-288.jpg,0.011841
Kelsey Nuelle,Dancing/rachelzach-1052.jpg,03,metadata/identity-review/reference-crops/kelsey-nuelle/03-dancing-rachelzach-1052.jpg,0.004985
Lars,After Party/rachelzach-1147.jpg,01,metadata/identity-review/reference-crops/lars/01-after-party-rachelzach-1147.jpg,0.014898
Kelsey Nuelle,Dancing/rachelzach-1053.jpg,04,metadata/identity-review/reference-crops/kelsey-nuelle/04-dancing-rachelzach-1053.jpg,0.003872
Lars,Dancing/rachelzach-1061.jpg,02,metadata/identity-review/reference-crops/lars/02-dancing-rachelzach-1061.jpg,0.011598
Kelsey Nuelle,Dancing/rachelzach-1071.jpg,05,metadata/identity-review/reference-crops/kelsey-nuelle/05-dancing-rachelzach-1071.jpg,0.003030
Keagen,Day 1/rachelzachday1-264.jpg,05,metadata/identity-review/reference-crops/keagen/05-day-1-rachelzachday1-264.jpg,0.011073
Lars,Reception/rachelzach-891.jpg,03,metadata/identity-review/reference-crops/lars/03-reception-rachelzach-891.jpg,0.011325
Kelsey Meyers,Getting Ready/rachelzach-10.jpg,03,metadata/identity-review/reference-crops/kelsey-meyers/03-getting-ready-rachelzach-10.jpg,0.018925
Lars,After Party/rachelzach-1132.jpg,04,metadata/identity-review/reference-crops/lars/04-after-party-rachelzach-1132.jpg,0.006050
Kelsey Nuelle,Cocktail Hour/rachelzach-591.jpg,06,metadata/identity-review/reference-crops/kelsey-nuelle/06-cocktail-hour-rachelzach-591.jpg,0.002896
Keagen,Ceremony/rachelzach-276.jpg,06,metadata/identity-review/reference-crops/keagen/06-ceremony-rachelzach-276.jpg,0.010575
Kelsey Meyers,Day 1/rachelzachday1-275.jpg,04,metadata/identity-review/reference-crops/kelsey-meyers/04-day-1-rachelzachday1-275.jpg,0.012101
Lars,Dancing/rachelzach-953.jpg,05,metadata/identity-review/reference-crops/lars/05-dancing-rachelzach-953.jpg,0.004817
LAURA WEISMAN,After Party/rachelzach-1104.jpg,01,metadata/identity-review/reference-crops/laura-weisman/01-after-party-rachelzach-1104.jpg,0.017013
Kelsey Meyers,Day 1/rachelzachday1-176.jpg,05,metadata/identity-review/reference-crops/kelsey-meyers/05-day-1-rachelzachday1-176.jpg,0.009849
LAURA WEISMAN,Day 1/rachelzachday1-295.jpg,02,metadata/identity-review/reference-crops/laura-weisman/02-day-1-rachelzachday1-295.jpg,0.001751
Lauren Bond,Day 1/rachelzachday1-270.jpg,01,metadata/identity-review/reference-crops/lauren-bond/01-day-1-rachelzachday1-270.jpg,0.031791
Lauren Lurie,Reception/rachelzach-697.jpg,01,metadata/identity-review/reference-crops/lauren-lurie/01-reception-rachelzach-697.jpg,0.030106
Kelsey Meyers,Day 1/rachelzachday1-274.jpg,06,metadata/identity-review/reference-crops/kelsey-meyers/06-day-1-rachelzachday1-274.jpg,0.008258
Lauren Bond,Ceremony/rachelzach-276.jpg,02,metadata/identity-review/reference-crops/lauren-bond/02-ceremony-rachelzach-276.jpg,0.011073
Lauren Lurie,Cocktail Hour/rachelzach-526.jpg,02,metadata/identity-review/reference-crops/lauren-lurie/02-cocktail-hour-rachelzach-526.jpg,0.028831
Lauren Bond,Getting Ready/rachelzach-14.jpg,03,metadata/identity-review/reference-crops/lauren-bond/03-getting-ready-rachelzach-14.jpg,0.008148
Leah M,Day 1/rachelzachday1-126.jpg,01,metadata/identity-review/reference-crops/leah-m/01-day-1-rachelzachday1-126.jpg,0.037062
Leeann,Ceremony/rachelzach-287.jpg,01,metadata/identity-review/reference-crops/leeann/01-ceremony-rachelzach-287.jpg,0.004175
Lauren Lurie,Dancing/rachelzach-973.jpg,03,metadata/identity-review/reference-crops/lauren-lurie/03-dancing-rachelzach-973.jpg,0.027665
Lauren Bond,Ceremony/rachelzach-279.jpg,04,metadata/identity-review/reference-crops/lauren-bond/04-ceremony-rachelzach-279.jpg,0.006612
Leeann,Ceremony/rachelzach-284.jpg,02,metadata/identity-review/reference-crops/leeann/02-ceremony-rachelzach-284.jpg,0.003025
Lauren Bond,Getting Ready/rachelzach-17.jpg,05,metadata/identity-review/reference-crops/lauren-bond/05-getting-ready-rachelzach-17.jpg,0.006062
Leah M,Sneak Peek/1. RachelZach-17.jpg,02,metadata/identity-review/reference-crops/leah-m/02-sneak-peek-1-rachelzach-17.jpg,0.037062
Lindsey Miller,Day 1/rachelzachday1-177.jpg,01,metadata/identity-review/reference-crops/lindsey-miller/01-day-1-rachelzachday1-177.jpg,0.023060
Lauren Lurie,Day 1/rachelzachday1-51.jpg,04,metadata/identity-review/reference-crops/lauren-lurie/04-day-1-rachelzachday1-51.jpg,0.018925
Lauren Bond,Getting Ready/rachelzach-15.jpg,06,metadata/identity-review/reference-crops/lauren-bond/06-getting-ready-rachelzach-15.jpg,0.005546
Lisa Caplan,Dancing/rachelzach-967.jpg,01,metadata/identity-review/reference-crops/lisa-caplan/01-dancing-rachelzach-967.jpg,0.006428
Lindsey Miller,Reception/rachelzach-717.jpg,02,metadata/identity-review/reference-crops/lindsey-miller/02-reception-rachelzach-717.jpg,0.016988
Leah M,Day 1/rachelzachday1-125.jpg,03,metadata/identity-review/reference-crops/leah-m/03-day-1-rachelzachday1-125.jpg,0.033469
Lisa Caplan,Day 1/rachelzachday1-296.jpg,02,metadata/identity-review/reference-crops/lisa-caplan/02-day-1-rachelzachday1-296.jpg,0.001270
Lindsey Miller,Day 1/rachelzachday1-231.jpg,03,metadata/identity-review/reference-crops/lindsey-miller/03-day-1-rachelzachday1-231.jpg,0.001557
Lauren Lurie,Day 1/rachelzachday1-77.jpg,05,metadata/identity-review/reference-crops/lauren-lurie/05-day-1-rachelzachday1-77.jpg,0.018925
Maddie Channess,Cocktail Hour/rachelzach-570.jpg,01,metadata/identity-review/reference-crops/maddie-channess/01-cocktail-hour-rachelzach-570.jpg,0.030941
Lauren Lurie,Day 1/rachelzachday1-106.jpg,06,metadata/identity-review/reference-crops/lauren-lurie/06-day-1-rachelzachday1-106.jpg,0.017326
Marty,Day 1/rachelzachday1-180.jpg,01,metadata/identity-review/reference-crops/marty/01-day-1-rachelzachday1-180.jpg,0.035694
Maddie Slomovitz,Day 1/rachelzachday1-49.jpg,01,metadata/identity-review/reference-crops/maddie-slomovitz/01-day-1-rachelzachday1-49.jpg,0.019601
Marty,Day 1/rachelzachday1-165.jpg,02,metadata/identity-review/reference-crops/marty/02-day-1-rachelzachday1-165.jpg,0.033035
Maddie Slomovitz,Day 1/rachelzachday1-240.jpg,02,metadata/identity-review/reference-crops/maddie-slomovitz/02-day-1-rachelzachday1-240.jpg,0.016393
Maddie Channess,Day 1/rachelzachday1-185.jpg,02,metadata/identity-review/reference-crops/maddie-channess/02-day-1-rachelzachday1-185.jpg,0.028647
Marty,Cocktail Hour/rachelzach-580.jpg,03,metadata/identity-review/reference-crops/marty/03-cocktail-hour-rachelzach-580.jpg,0.006419
Maddie Slomovitz,Day 1/rachelzachday1-239.jpg,03,metadata/identity-review/reference-crops/maddie-slomovitz/03-day-1-rachelzachday1-239.jpg,0.008271
Maddie Channess,Reception/rachelzach-712.jpg,03,metadata/identity-review/reference-crops/maddie-channess/03-reception-rachelzach-712.jpg,0.026837
Marty,After Party/rachelzach-1163.jpg,04,metadata/identity-review/reference-crops/marty/04-after-party-rachelzach-1163.jpg,0.005865
Marty,Ceremony/rachelzach-214.jpg,05,metadata/identity-review/reference-crops/marty/05-ceremony-rachelzach-214.jpg,0.005497
Maddie Slomovitz,Day 1/rachelzachday1-24.jpg,04,metadata/identity-review/reference-crops/maddie-slomovitz/04-day-1-rachelzachday1-24.jpg,0.003577
Maddie Channess,Day 1/rachelzachday1-49.jpg,04,metadata/identity-review/reference-crops/maddie-channess/04-day-1-rachelzachday1-49.jpg,0.020277
Maddie Slomovitz,Day 1/rachelzachday1-258.jpg,05,metadata/identity-review/reference-crops/maddie-slomovitz/05-day-1-rachelzachday1-258.jpg,0.002772
Marty,Day 1/rachelzachday1-219.jpg,06,metadata/identity-review/reference-crops/marty/06-day-1-rachelzachday1-219.jpg,0.003053
Maddie Channess,Day 1/rachelzachday1-282.jpg,05,metadata/identity-review/reference-crops/maddie-channess/05-day-1-rachelzachday1-282.jpg,0.020247
Maddie Slomovitz,Day 1/rachelzachday1-18.jpg,06,metadata/identity-review/reference-crops/maddie-slomovitz/06-day-1-rachelzachday1-18.jpg,0.002694
Maddie Channess,Reception/rachelzach-713.jpg,06,metadata/identity-review/reference-crops/maddie-channess/06-reception-rachelzach-713.jpg,0.018908
Maura,Day 1/rachelzachday1-150.jpg,01,metadata/identity-review/reference-crops/maura/01-day-1-rachelzachday1-150.jpg,0.024199
Meg,Reception/rachelzach-694.jpg,01,metadata/identity-review/reference-crops/meg/01-reception-rachelzach-694.jpg,0.031318
Maura,Sneak Peek/1. RachelZach-23.jpg,02,metadata/identity-review/reference-crops/maura/02-sneak-peek-1-rachelzach-23.jpg,0.024199
Melanie Casciano,Day 1/rachelzachday1-147.jpg,01,metadata/identity-review/reference-crops/melanie-casciano/01-day-1-rachelzachday1-147.jpg,0.030062
Meg,Day 1/rachelzachday1-175.jpg,02,metadata/identity-review/reference-crops/meg/02-day-1-rachelzachday1-175.jpg,0.024537
Maura,Day 1/rachelzachday1-230.jpg,03,metadata/identity-review/reference-crops/maura/03-day-1-rachelzachday1-230.jpg,0.018257
Melanie Casciano,Day 1/rachelzachday1-240.jpg,02,metadata/identity-review/reference-crops/melanie-casciano/02-day-1-rachelzachday1-240.jpg,0.029691
Meg,Day 1/rachelzachday1-174.jpg,03,metadata/identity-review/reference-crops/meg/03-day-1-rachelzachday1-174.jpg,0.022733
Matt,Day 1/rachelzachday1-188.jpg,01,metadata/identity-review/reference-crops/matt/01-day-1-rachelzachday1-188.jpg,0.133487
Melanie Casciano,Day 1/rachelzachday1-179.jpg,03,metadata/identity-review/reference-crops/melanie-casciano/03-day-1-rachelzachday1-179.jpg,0.025328
Meg,Cocktail Hour/rachelzach-488.jpg,04,metadata/identity-review/reference-crops/meg/04-cocktail-hour-rachelzach-488.jpg,0.017936
Maura,Day 1/rachelzachday1-220.jpg,04,metadata/identity-review/reference-crops/maura/04-day-1-rachelzachday1-220.jpg,0.010997
Meg,Dancing/rachelzach-1037.jpg,05,metadata/identity-review/reference-crops/meg/05-dancing-rachelzach-1037.jpg,0.017643
Melanie Casciano,Day 1/rachelzachday1-137.jpg,04,metadata/identity-review/reference-crops/melanie-casciano/04-day-1-rachelzachday1-137.jpg,0.018923
Matt,Sneak Peek/1. RachelZach-40.jpg,02,metadata/identity-review/reference-crops/matt/02-sneak-peek-1-rachelzach-40.jpg,0.040897
Matt,Film/rachelzachfilm-179.jpg,03,metadata/identity-review/reference-crops/matt/03-film-rachelzachfilm-179.jpg,0.012999
Maura,Cocktail Hour/rachelzach-619.jpg,05,metadata/identity-review/reference-crops/maura/05-cocktail-hour-rachelzach-619.jpg,0.007161
Meg,Day 1/rachelzachday1-187.jpg,06,metadata/identity-review/reference-crops/meg/06-day-1-rachelzachday1-187.jpg,0.015386
Matt,Day 1/rachelzachday1-294.jpg,04,metadata/identity-review/reference-crops/matt/04-day-1-rachelzachday1-294.jpg,0.008271
Melanie Casciano,Day 1/rachelzachday1-22.jpg,05,metadata/identity-review/reference-crops/melanie-casciano/05-day-1-rachelzachday1-22.jpg,0.005053
Mohr,Dancing/rachelzach-1037.jpg,01,metadata/identity-review/reference-crops/mohr/01-dancing-rachelzach-1037.jpg,0.011687
Matt,Sneak Peek/1. RachelZach-57.jpg,05,metadata/identity-review/reference-crops/matt/05-sneak-peek-1-rachelzach-57.jpg,0.008271
Morgan,Reception/rachelzach-820.jpg,01,metadata/identity-review/reference-crops/morgan/01-reception-rachelzach-820.jpg,0.035694
Mohr,Day 1/rachelzachday1-239.jpg,02,metadata/identity-review/reference-crops/mohr/02-day-1-rachelzachday1-239.jpg,0.008712
Melanie Casciano,Day 1/rachelzachday1-21.jpg,06,metadata/identity-review/reference-crops/melanie-casciano/06-day-1-rachelzachday1-21.jpg,0.003577
Matt,Day 1/rachelzachday1-293.jpg,06,metadata/identity-review/reference-crops/matt/06-day-1-rachelzachday1-293.jpg,0.007841
Mohr,Dancing/rachelzach-954.jpg,03,metadata/identity-review/reference-crops/mohr/03-dancing-rachelzach-954.jpg,0.004491
Morgan,Sneak Peek/1. RachelZach-9.jpg,02,metadata/identity-review/reference-crops/morgan/02-sneak-peek-1-rachelzach-9.jpg,0.005539
Nancy Lurie,Day 1/rachelzachday1-122.jpg,01,metadata/identity-review/reference-crops/nancy-lurie/01-day-1-rachelzachday1-122.jpg,0.030478
Mohr,Day 1/rachelzachday1-268.jpg,04,metadata/identity-review/reference-crops/mohr/04-day-1-rachelzachday1-268.jpg,0.003575
Natalie,Ceremony/rachelzach-240.jpg,01,metadata/identity-review/reference-crops/natalie/01-ceremony-rachelzach-240.jpg,0.010822
Nancy Lurie,Day 1/rachelzachday1-107.jpg,02,metadata/identity-review/reference-crops/nancy-lurie/02-day-1-rachelzachday1-107.jpg,0.018610
Natalie,Day 1/rachelzachday1-296.jpg,02,metadata/identity-review/reference-crops/natalie/02-day-1-rachelzachday1-296.jpg,0.002896
Morgan,Day 1/rachelzachday1-79.jpg,03,metadata/identity-review/reference-crops/morgan/03-day-1-rachelzachday1-79.jpg,0.005046
Nancy Lurie,Cocktail Hour/rachelzach-600.jpg,03,metadata/identity-review/reference-crops/nancy-lurie/03-cocktail-hour-rachelzach-600.jpg,0.018582
Nate O,Reception/rachelzach-695.jpg,01,metadata/identity-review/reference-crops/nate-o/01-reception-rachelzach-695.jpg,0.027230
Nancy Lurie,Day 1/rachelzachday1-108.jpg,04,metadata/identity-review/reference-crops/nancy-lurie/04-day-1-rachelzachday1-108.jpg,0.016393
Natalie,Cocktail Hour/rachelzach-644.jpg,03,metadata/identity-review/reference-crops/natalie/03-cocktail-hour-rachelzach-644.jpg,0.002243
Nate O,Reception/rachelzach-683.jpg,02,metadata/identity-review/reference-crops/nate-o/02-reception-rachelzach-683.jpg,0.026445
Morgan,Ceremony/rachelzach-218.jpg,04,metadata/identity-review/reference-crops/morgan/04-ceremony-rachelzach-218.jpg,0.005046
Natalie,Day 1/rachelzachday1-262.jpg,04,metadata/identity-review/reference-crops/natalie/04-day-1-rachelzachday1-262.jpg,0.001853
Nate O,Reception/rachelzach-713.jpg,03,metadata/identity-review/reference-crops/nate-o/03-reception-rachelzach-713.jpg,0.018401
Nancy Lurie,Day 1/rachelzachday1-51.jpg,05,metadata/identity-review/reference-crops/nancy-lurie/05-day-1-rachelzachday1-51.jpg,0.012211
Nate waldron,Ceremony/rachelzach-337.jpg,01,metadata/identity-review/reference-crops/nate-waldron/01-ceremony-rachelzach-337.jpg,0.010459
Morgan,Ceremony/rachelzach-345.jpg,05,metadata/identity-review/reference-crops/morgan/05-ceremony-rachelzach-345.jpg,0.004732
Nate O,Reception/rachelzach-714.jpg,04,metadata/identity-review/reference-crops/nate-o/04-reception-rachelzach-714.jpg,0.017936
Nancy Lurie,Cocktail Hour/rachelzach-567.jpg,06,metadata/identity-review/reference-crops/nancy-lurie/06-cocktail-hour-rachelzach-567.jpg,0.008042
Nate waldron,Dancing/rachelzach-1019.jpg,02,metadata/identity-review/reference-crops/nate-waldron/02-dancing-rachelzach-1019.jpg,0.010104
Nate O,Reception/rachelzach-829.jpg,05,metadata/identity-review/reference-crops/nate-o/05-reception-rachelzach-829.jpg,0.012923
Nick Adam,Dancing/rachelzach-1088.jpg,01,metadata/identity-review/reference-crops/nick-adam/01-dancing-rachelzach-1088.jpg,0.009864
Nate waldron,Dancing/rachelzach-1053.jpg,03,metadata/identity-review/reference-crops/nate-waldron/03-dancing-rachelzach-1053.jpg,0.007841
Nate O,Dancing/rachelzach-1030.jpg,06,metadata/identity-review/reference-crops/nate-o/06-dancing-rachelzach-1030.jpg,0.009864
Morgan,Day 1/rachelzachday1-198.jpg,06,metadata/identity-review/reference-crops/morgan/06-day-1-rachelzachday1-198.jpg,0.001648
Nate waldron,Dancing/rachelzach-968.jpg,04,metadata/identity-review/reference-crops/nate-waldron/04-dancing-rachelzach-968.jpg,0.006612
Norris,After Party/rachelzach-1121.jpg,01,metadata/identity-review/reference-crops/norris/01-after-party-rachelzach-1121.jpg,0.008054
Nick Pugs,Reception/rachelzach-853.jpg,01,metadata/identity-review/reference-crops/nick-pugs/01-reception-rachelzach-853.jpg,0.035296
Norris,After Party/rachelzach-1158.jpg,02,metadata/identity-review/reference-crops/norris/02-after-party-rachelzach-1158.jpg,0.007423
pa,Reception/rachelzach-692.jpg,01,metadata/identity-review/reference-crops/pa/01-reception-rachelzach-692.jpg,0.004484
Nick Pugs,Reception/rachelzach-823.jpg,02,metadata/identity-review/reference-crops/nick-pugs/02-reception-rachelzach-823.jpg,0.026445
Nate waldron,Cocktail Hour/rachelzach-565.jpg,05,metadata/identity-review/reference-crops/nate-waldron/05-cocktail-hour-rachelzach-565.jpg,0.005505
Norris,Sneak Peek/Sneak-7.jpg,03,metadata/identity-review/reference-crops/norris/03-sneak-peek-sneak-7.jpg,0.007423
Nate waldron,Dancing/rachelzach-999.jpg,06,metadata/identity-review/reference-crops/nate-waldron/06-dancing-rachelzach-999.jpg,0.004985
Norris,After Party/rachelzach-1157.jpg,04,metadata/identity-review/reference-crops/norris/04-after-party-rachelzach-1157.jpg,0.007219
Nick Pugs,Day 1/rachelzachday1-159.jpg,03,metadata/identity-review/reference-crops/nick-pugs/03-day-1-rachelzachday1-159.jpg,0.024537
Pasha,Dancing/rachelzach-1038.jpg,01,metadata/identity-review/reference-crops/pasha/01-dancing-rachelzach-1038.jpg,0.048479
Parker,Day 1/rachelzachday1-250.jpg,01,metadata/identity-review/reference-crops/parker/01-day-1-rachelzachday1-250.jpg,0.039401
Norris,After Party/rachelzach-1156.jpg,05,metadata/identity-review/reference-crops/norris/05-after-party-rachelzach-1156.jpg,0.004985
Pasha,After Party/rachelzach-1115.jpg,02,metadata/identity-review/reference-crops/pasha/02-after-party-rachelzach-1115.jpg,0.023829
Norris,After Party/rachelzach-1120.jpg,06,metadata/identity-review/reference-crops/norris/06-after-party-rachelzach-1120.jpg,0.003724
Nick Pugs,Dancing/rachelzach-934.jpg,04,metadata/identity-review/reference-crops/nick-pugs/04-dancing-rachelzach-934.jpg,0.008054
Pasha,Day 1/rachelzachday1-285.jpg,03,metadata/identity-review/reference-crops/pasha/03-day-1-rachelzachday1-285.jpg,0.012311
Pat Burton,After Party/rachelzach-1117.jpg,01,metadata/identity-review/reference-crops/pat-burton/01-after-party-rachelzach-1117.jpg,0.023460
Pasha,After Party/rachelzach-1149.jpg,04,metadata/identity-review/reference-crops/pasha/04-after-party-rachelzach-1149.jpg,0.009864
Nick Pugs,Day 1/rachelzachday1-264.jpg,05,metadata/identity-review/reference-crops/nick-pugs/05-day-1-rachelzachday1-264.jpg,0.007830
Pat Burton,Dancing/rachelzach-940.jpg,02,metadata/identity-review/reference-crops/pat-burton/02-dancing-rachelzach-940.jpg,0.015787
Pasha,Day 1/rachelzachday1-302.jpg,05,metadata/identity-review/reference-crops/pasha/05-day-1-rachelzachday1-302.jpg,0.008478
Nick Pugs,Reception/rachelzach-685.jpg,06,metadata/identity-review/reference-crops/nick-pugs/06-reception-rachelzach-685.jpg,0.007292
Pat Burton,Dancing/rachelzach-943.jpg,03,metadata/identity-review/reference-crops/pat-burton/03-dancing-rachelzach-943.jpg,0.007841
Pasha,Dancing/rachelzach-1057.jpg,06,metadata/identity-review/reference-crops/pasha/06-dancing-rachelzach-1057.jpg,0.007219
Pat Burton,Sneak Peek/Sneak.jpg,04,metadata/identity-review/reference-crops/pat-burton/04-sneak-peek-sneak.jpg,0.007841
Parker,Day 1/rachelzachday1-67.jpg,02,metadata/identity-review/reference-crops/parker/02-day-1-rachelzachday1-67.jpg,0.028609
Phil Becker,Film/rachelzachfilm-232.jpg,01,metadata/identity-review/reference-crops/phil-becker/01-film-rachelzachfilm-232.jpg,0.006660
Pat Burton,Day 1/rachelzachday1-152.jpg,05,metadata/identity-review/reference-crops/pat-burton/05-day-1-rachelzachday1-152.jpg,0.005856
Patti,Day 1/rachelzachday1-107.jpg,01,metadata/identity-review/reference-crops/patti/01-day-1-rachelzachday1-107.jpg,0.037809
Parker,Day 1/rachelzachday1-233.jpg,03,metadata/identity-review/reference-crops/parker/03-day-1-rachelzachday1-233.jpg,0.014606
Pat Burton,Day 1/rachelzachday1-279.jpg,06,metadata/identity-review/reference-crops/pat-burton/06-day-1-rachelzachday1-279.jpg,0.004169
Patti,Day 1/rachelzachday1-182.jpg,02,metadata/identity-review/reference-crops/patti/02-day-1-rachelzachday1-182.jpg,0.014320
Phil Becker,Day 1/rachelzachday1-222.jpg,02,metadata/identity-review/reference-crops/phil-becker/02-day-1-rachelzachday1-222.jpg,0.003438
Parker,Day 1/rachelzachday1-93.jpg,04,metadata/identity-review/reference-crops/parker/04-day-1-rachelzachday1-93.jpg,0.011964
Patti,Day 1/rachelzachday1-112.jpg,03,metadata/identity-review/reference-crops/patti/03-day-1-rachelzachday1-112.jpg,0.010590
Phil C,Getting Ready/rachelzach-19.jpg,01,metadata/identity-review/reference-crops/phil-c/01-getting-ready-rachelzach-19.jpg,0.017300
Phil C,Ceremony/rachelzach-252.jpg,02,metadata/identity-review/reference-crops/phil-c/02-ceremony-rachelzach-252.jpg,0.008271
Patti,Day 1/rachelzachday1-249.jpg,04,metadata/identity-review/reference-crops/patti/04-day-1-rachelzachday1-249.jpg,0.009614
Phil Quist,Ceremony/rachelzach-236.jpg,01,metadata/identity-review/reference-crops/phil-quist/01-ceremony-rachelzach-236.jpg,0.037579
Parker,Day 1/rachelzachday1-15.jpg,05,metadata/identity-review/reference-crops/parker/05-day-1-rachelzachday1-15.jpg,0.010300
Patti,Day 1/rachelzachday1-242.jpg,05,metadata/identity-review/reference-crops/patti/05-day-1-rachelzachday1-242.jpg,0.009150
Phil Quist,Ceremony/rachelzach-237.jpg,02,metadata/identity-review/reference-crops/phil-quist/02-ceremony-rachelzach-237.jpg,0.028872
Phil C,Ceremony/rachelzach-254.jpg,03,metadata/identity-review/reference-crops/phil-c/03-ceremony-rachelzach-254.jpg,0.005865
Patti,Day 1/rachelzachday1-238.jpg,06,metadata/identity-review/reference-crops/patti/06-day-1-rachelzachday1-238.jpg,0.007830
Phil C,Getting Ready/rachelzach-48.jpg,04,metadata/identity-review/reference-crops/phil-c/04-getting-ready-rachelzach-48.jpg,0.004810
Phil C,Ceremony/rachelzach-304.jpg,05,metadata/identity-review/reference-crops/phil-c/05-ceremony-rachelzach-304.jpg,0.002065
Phil Quist,Ceremony/rachelzach-238.jpg,03,metadata/identity-review/reference-crops/phil-quist/03-ceremony-rachelzach-238.jpg,0.027624
Parker,Day 1/rachelzachday1-15.jpg,06,metadata/identity-review/reference-crops/parker/06-day-1-rachelzachday1-15.jpg,0.008138
Phil Quist,Reception/rachelzach-835.jpg,04,metadata/identity-review/reference-crops/phil-quist/04-reception-rachelzach-835.jpg,0.026484
Phil C,Ceremony/rachelzach-289.jpg,06,metadata/identity-review/reference-crops/phil-c/06-ceremony-rachelzach-289.jpg,0.001957
Phil Quist,Dancing/rachelzach-1039.jpg,05,metadata/identity-review/reference-crops/phil-quist/05-dancing-rachelzach-1039.jpg,0.026484
Rick Soskin,After Party/rachelzach-1127.jpg,01,metadata/identity-review/reference-crops/rick-soskin/01-after-party-rachelzach-1127.jpg,0.034846
Rick Soskin,Dancing/rachelzach-1072.jpg,02,metadata/identity-review/reference-crops/rick-soskin/02-dancing-rachelzach-1072.jpg,0.003872
Richie,Ceremony/rachelzach-233.jpg,01,metadata/identity-review/reference-crops/richie/01-ceremony-rachelzach-233.jpg,0.000997
Rob A,After Party/rachelzach-1121.jpg,01,metadata/identity-review/reference-crops/rob-a/01-after-party-rachelzach-1121.jpg,0.014606
Riley,Day 1/rachelzachday1-276.jpg,01,metadata/identity-review/reference-crops/riley/01-day-1-rachelzachday1-276.jpg,0.022373
Rob A,After Party/rachelzach-1123.jpg,02,metadata/identity-review/reference-crops/rob-a/02-after-party-rachelzach-1123.jpg,0.014606
Phil Quist,Day 1/rachelzachday1-194.jpg,06,metadata/identity-review/reference-crops/phil-quist/06-day-1-rachelzachday1-194.jpg,0.020188
Rob A,Sneak Peek/Sneak-7.jpg,03,metadata/identity-review/reference-crops/rob-a/03-sneak-peek-sneak-7.jpg,0.011858
Riley,Day 1/rachelzachday1-277.jpg,02,metadata/identity-review/reference-crops/riley/02-day-1-rachelzachday1-277.jpg,0.013454
Rob A,After Party/rachelzach-1157.jpg,04,metadata/identity-review/reference-crops/rob-a/04-after-party-rachelzach-1157.jpg,0.011598
Robbie,Day 1/rachelzachday1-101.jpg,01,metadata/identity-review/reference-crops/robbie/01-day-1-rachelzachday1-101.jpg,0.034352
Rob A,After Party/rachelzach-1158.jpg,05,metadata/identity-review/reference-crops/rob-a/05-after-party-rachelzach-1158.jpg,0.011089
Rob A,After Party/rachelzach-1156.jpg,06,metadata/identity-review/reference-crops/rob-a/06-after-party-rachelzach-1156.jpg,0.006428
Riley,Day 1/rachelzachday1-201.jpg,03,metadata/identity-review/reference-crops/riley/03-day-1-rachelzachday1-201.jpg,0.012211
Robbie,Day 1/rachelzachday1-179.jpg,02,metadata/identity-review/reference-crops/robbie/02-day-1-rachelzachday1-179.jpg,0.027271
Riley,Day 1/rachelzachday1-299.jpg,04,metadata/identity-review/reference-crops/riley/04-day-1-rachelzachday1-299.jpg,0.011858
Robbie,Day 1/rachelzachday1-152.jpg,03,metadata/identity-review/reference-crops/robbie/03-day-1-rachelzachday1-152.jpg,0.023060
Rod,Cocktail Hour/rachelzach-639.jpg,01,metadata/identity-review/reference-crops/rod/01-cocktail-hour-rachelzach-639.jpg,0.018257
Riley,Day 1/rachelzachday1-234.jpg,05,metadata/identity-review/reference-crops/riley/05-day-1-rachelzachday1-234.jpg,0.011581
Robbie,Day 1/rachelzachday1-129.jpg,04,metadata/identity-review/reference-crops/robbie/04-day-1-rachelzachday1-129.jpg,0.013454
Rod,Day 1/rachelzachday1-281.jpg,02,metadata/identity-review/reference-crops/rod/02-day-1-rachelzachday1-281.jpg,0.012384
Riley,Day 1/rachelzachday1-302.jpg,06,metadata/identity-review/reference-crops/riley/06-day-1-rachelzachday1-302.jpg,0.008478
Robbie,Day 1/rachelzachday1-145.jpg,05,metadata/identity-review/reference-crops/robbie/05-day-1-rachelzachday1-145.jpg,0.009150
Rush,Day 1/rachelzachday1-133.jpg,01,metadata/identity-review/reference-crops/rush/01-day-1-rachelzachday1-133.jpg,0.033469
Rylie,Friends & Family/rachelzach-437.jpg,01,metadata/identity-review/reference-crops/rylie/01-friends-and-family-rachelzach-437.jpg,0.002351
Ronald Harris,Day 1/rachelzachday1-157.jpg,01,metadata/identity-review/reference-crops/ronald-harris/01-day-1-rachelzachday1-157.jpg,0.037062
Rush,Day 1/rachelzachday1-292.jpg,02,metadata/identity-review/reference-crops/rush/02-day-1-rachelzachday1-292.jpg,0.017643
Robbie,Day 1/rachelzachday1-23.jpg,06,metadata/identity-review/reference-crops/robbie/06-day-1-rachelzachday1-23.jpg,0.005373
Rylie,Friends & Family/rachelzach-439.jpg,02,metadata/identity-review/reference-crops/rylie/02-friends-and-family-rachelzach-439.jpg,0.002351
Rush,Ceremony/rachelzach-245.jpg,03,metadata/identity-review/reference-crops/rush/03-ceremony-rachelzach-245.jpg,0.016237
Sally,Day 1/rachelzachday1-90.jpg,01,metadata/identity-review/reference-crops/sally/01-day-1-rachelzachday1-90.jpg,0.020508
Ronald Harris,Day 1/rachelzachday1-60.jpg,02,metadata/identity-review/reference-crops/ronald-harris/02-day-1-rachelzachday1-60.jpg,0.019868
Rylie,Friends & Family/rachelzach-438.jpg,03,metadata/identity-review/reference-crops/rylie/03-friends-and-family-rachelzach-438.jpg,0.002138
Rush,Sneak Peek/RachelZach-55.jpg,04,metadata/identity-review/reference-crops/rush/04-sneak-peek-rachelzach-55.jpg,0.015667
Rylie,Sneak Peek/RachelZach-77.jpg,04,metadata/identity-review/reference-crops/rylie/04-sneak-peek-rachelzach-77.jpg,0.002034
Sally,Getting Ready/rachelzach-9.jpg,02,metadata/identity-review/reference-crops/sally/02-getting-ready-rachelzach-9.jpg,0.016816
Ronald Harris,Day 1/rachelzachday1-50.jpg,03,metadata/identity-review/reference-crops/ronald-harris/03-day-1-rachelzachday1-50.jpg,0.014558
Sally,Getting Ready/rachelzach-14.jpg,03,metadata/identity-review/reference-crops/sally/03-getting-ready-rachelzach-14.jpg,0.011012
Rush,Day 1/rachelzachday1-84.jpg,05,metadata/identity-review/reference-crops/rush/05-day-1-rachelzachday1-84.jpg,0.014288
Sally,Getting Ready/rachelzach-16.jpg,04,metadata/identity-review/reference-crops/sally/04-getting-ready-rachelzach-16.jpg,0.007549
Sam Ankin,Day 1/rachelzachday1-185.jpg,01,metadata/identity-review/reference-crops/sam-ankin/01-day-1-rachelzachday1-185.jpg,0.004738
Ronald Harris,Ceremony/rachelzach-251.jpg,04,metadata/identity-review/reference-crops/ronald-harris/04-ceremony-rachelzach-251.jpg,0.010300
Sam Ankin,Dancing/rachelzach-945.jpg,02,metadata/identity-review/reference-crops/sam-ankin/02-dancing-rachelzach-945.jpg,0.003872
Sally,Getting Ready/rachelzach-15.jpg,05,metadata/identity-review/reference-crops/sally/05-getting-ready-rachelzach-15.jpg,0.005888
Rush,Ceremony/rachelzach-233.jpg,06,metadata/identity-review/reference-crops/rush/06-ceremony-rachelzach-233.jpg,0.001558
Sam Ankin,Cocktail Hour/rachelzach-566.jpg,03,metadata/identity-review/reference-crops/sam-ankin/03-cocktail-hour-rachelzach-566.jpg,0.003866
Sally,Getting Ready/rachelzach-17.jpg,06,metadata/identity-review/reference-crops/sally/06-getting-ready-rachelzach-17.jpg,0.005380
Ronald Harris,Ceremony/rachelzach-350.jpg,05,metadata/identity-review/reference-crops/ronald-harris/05-ceremony-rachelzach-350.jpg,0.007412
Sam Soskin,Reception/rachelzach-830.jpg,01,metadata/identity-review/reference-crops/sam-soskin/01-reception-rachelzach-830.jpg,0.031744
SANDRA,Day 1/rachelzachday1-166.jpg,01,metadata/identity-review/reference-crops/sandra/01-day-1-rachelzachday1-166.jpg,0.050535
Sam Ankin,Ceremony/rachelzach-318.jpg,04,metadata/identity-review/reference-crops/sam-ankin/04-ceremony-rachelzach-318.jpg,0.003572
Sam Soskin,Cocktail Hour/rachelzach-583.jpg,02,metadata/identity-review/reference-crops/sam-soskin/02-cocktail-hour-rachelzach-583.jpg,0.005155
Ronald Harris,Ceremony/rachelzach-351.jpg,06,metadata/identity-review/reference-crops/ronald-harris/06-ceremony-rachelzach-351.jpg,0.006973
SCOTT L,After Party/rachelzach-1147.jpg,01,metadata/identity-review/reference-crops/scott-l/01-after-party-rachelzach-1147.jpg,0.019268
Sam Ankin,Day 1/rachelzachday1-288.jpg,05,metadata/identity-review/reference-crops/sam-ankin/05-day-1-rachelzachday1-288.jpg,0.002404
SCOTT L,After Party/rachelzach-1126.jpg,02,metadata/identity-review/reference-crops/scott-l/02-after-party-rachelzach-1126.jpg,0.014034
Scotty P,Day 1/rachelzachday1-152.jpg,01,metadata/identity-review/reference-crops/scotty-p/01-day-1-rachelzachday1-152.jpg,0.045302
SCOTT L,Dancing/rachelzach-944.jpg,03,metadata/identity-review/reference-crops/scott-l/03-dancing-rachelzach-944.jpg,0.007631
Sam Ankin,Day 1/rachelzachday1-289.jpg,06,metadata/identity-review/reference-crops/sam-ankin/06-day-1-rachelzachday1-289.jpg,0.002065
SANDRA,Day 1/rachelzachday1-87.jpg,02,metadata/identity-review/reference-crops/sandra/02-day-1-rachelzachday1-87.jpg,0.011964
SCOTT L,Ceremony/rachelzach-405.jpg,04,metadata/identity-review/reference-crops/scott-l/04-ceremony-rachelzach-405.jpg,0.004484
Scotty P,Cocktail Hour/rachelzach-552.jpg,02,metadata/identity-review/reference-crops/scotty-p/02-cocktail-hour-rachelzach-552.jpg,0.008699
SANDRA,Cocktail Hour/rachelzach-567.jpg,03,metadata/identity-review/reference-crops/sandra/03-cocktail-hour-rachelzach-567.jpg,0.008478
SCOTT L,Sneak Peek/RachelZach-73.jpg,05,metadata/identity-review/reference-crops/scott-l/05-sneak-peek-rachelzach-73.jpg,0.004484
SANDRA,Sneak Peek/RachelZach-42.jpg,04,metadata/identity-review/reference-crops/sandra/04-sneak-peek-rachelzach-42.jpg,0.002291
Scotty P,Cocktail Hour/rachelzach-551.jpg,03,metadata/identity-review/reference-crops/scotty-p/03-cocktail-hour-rachelzach-551.jpg,0.006622
Sean Morse,Day 1/rachelzachday1-143.jpg,01,metadata/identity-review/reference-crops/sean-morse/01-day-1-rachelzachday1-143.jpg,0.045812
SCOTT L,Ceremony/rachelzach-408.jpg,06,metadata/identity-review/reference-crops/scott-l/06-ceremony-rachelzach-408.jpg,0.003299
Siri,Day 1/rachelzachday1-177.jpg,01,metadata/identity-review/reference-crops/siri/01-day-1-rachelzachday1-177.jpg,0.030478
Sean Morse,Reception/rachelzach-868.jpg,02,metadata/identity-review/reference-crops/sean-morse/02-reception-rachelzach-868.jpg,0.033083
Spencer Soltman,Cocktail Hour/rachelzach-634.jpg,01,metadata/identity-review/reference-crops/spencer-soltman/01-cocktail-hour-rachelzach-634.jpg,0.029647
Stephanie Soskin,Day 1/rachelzachday1-172.jpg,01,metadata/identity-review/reference-crops/stephanie-soskin/01-day-1-rachelzachday1-172.jpg,0.024914
Sean Morse,Reception/rachelzach-869.jpg,03,metadata/identity-review/reference-crops/sean-morse/03-reception-rachelzach-869.jpg,0.029647
Stephanie Soskin,Day 1/rachelzachday1-112.jpg,02,metadata/identity-review/reference-crops/stephanie-soskin/02-day-1-rachelzachday1-112.jpg,0.012119
Spencer Soltman,Cocktail Hour/rachelzach-635.jpg,02,metadata/identity-review/reference-crops/spencer-soltman/02-cocktail-hour-rachelzach-635.jpg,0.017617
Stephanie Soskin,Getting Ready/rachelzach-14.jpg,03,metadata/identity-review/reference-crops/stephanie-soskin/03-getting-ready-rachelzach-14.jpg,0.011734
Siri,Day 1/rachelzachday1-195.jpg,02,metadata/identity-review/reference-crops/siri/02-day-1-rachelzachday1-195.jpg,0.020188
Sean Morse,Ceremony/rachelzach-220.jpg,04,metadata/identity-review/reference-crops/sean-morse/04-ceremony-rachelzach-220.jpg,0.016090
Siri,Dancing/rachelzach-957.jpg,03,metadata/identity-review/reference-crops/siri/03-dancing-rachelzach-957.jpg,0.010346
Stephanie Soskin,Day 1/rachelzachday1-230.jpg,04,metadata/identity-review/reference-crops/stephanie-soskin/04-day-1-rachelzachday1-230.jpg,0.007412
Sean Morse,Day 1/rachelzachday1-160.jpg,05,metadata/identity-review/reference-crops/sean-morse/05-day-1-rachelzachday1-160.jpg,0.014585
Spencer Soltman,Day 1/rachelzachday1-88.jpg,03,metadata/identity-review/reference-crops/spencer-soltman/03-day-1-rachelzachday1-88.jpg,0.011964
Siri,Dancing/rachelzach-1095.jpg,04,metadata/identity-review/reference-crops/siri/04-dancing-rachelzach-1095.jpg,0.010346
Siri,Dancing/rachelzach-954.jpg,05,metadata/identity-review/reference-crops/siri/05-dancing-rachelzach-954.jpg,0.008712
Spencer Soltman,Reception/rachelzach-687.jpg,04,metadata/identity-review/reference-crops/spencer-soltman/04-reception-rachelzach-687.jpg,0.010331
Sean Morse,Day 1/rachelzachday1-161.jpg,06,metadata/identity-review/reference-crops/sean-morse/06-day-1-rachelzachday1-161.jpg,0.011581
Stephanie Soskin,Day 1/rachelzachday1-24.jpg,05,metadata/identity-review/reference-crops/stephanie-soskin/05-day-1-rachelzachday1-24.jpg,0.002813
Siri,Dancing/rachelzach-960.jpg,06,metadata/identity-review/reference-crops/siri/06-dancing-rachelzach-960.jpg,0.005505
Steve M,After Party/rachelzach-1101.jpg,01,metadata/identity-review/reference-crops/steve-m/01-after-party-rachelzach-1101.jpg,0.054448
Spencer Soltman,Day 1/rachelzachday1-191.jpg,05,metadata/identity-review/reference-crops/spencer-soltman/05-day-1-rachelzachday1-191.jpg,0.009864
Stephanie Soskin,Day 1/rachelzachday1-18.jpg,06,metadata/identity-review/reference-crops/stephanie-soskin/06-day-1-rachelzachday1-18.jpg,0.002579
Steve M,Dancing/rachelzach-962.jpg,02,metadata/identity-review/reference-crops/steve-m/02-dancing-rachelzach-962.jpg,0.037579
Spencer Soltman,Cocktail Hour/rachelzach-587.jpg,06,metadata/identity-review/reference-crops/spencer-soltman/06-cocktail-hour-rachelzach-587.jpg,0.008271
Steve M,Dancing/rachelzach-952.jpg,03,metadata/identity-review/reference-crops/steve-m/03-dancing-rachelzach-952.jpg,0.028066
Tav,Ceremony/rachelzach-231.jpg,01,metadata/identity-review/reference-crops/tav/01-ceremony-rachelzach-231.jpg,0.007619
Tara,Day 1/rachelzachday1-202.jpg,01,metadata/identity-review/reference-crops/tara/01-day-1-rachelzachday1-202.jpg,0.021664
Tav,Cocktail Hour/rachelzach-587.jpg,02,metadata/identity-review/reference-crops/tav/02-cocktail-hour-rachelzach-587.jpg,0.007016
Taylor Becker,Cocktail Hour/rachelzach-468.jpg,01,metadata/identity-review/reference-crops/taylor-becker/01-cocktail-hour-rachelzach-468.jpg,0.034794
Tav,Cocktail Hour/rachelzach-638.jpg,03,metadata/identity-review/reference-crops/tav/03-cocktail-hour-rachelzach-638.jpg,0.002522
Steve M,Day 1/rachelzachday1-190.jpg,04,metadata/identity-review/reference-crops/steve-m/04-day-1-rachelzachday1-190.jpg,0.016816
Steve M,After Party/rachelzach-1128.jpg,05,metadata/identity-review/reference-crops/steve-m/05-after-party-rachelzach-1128.jpg,0.015787
Tara,Day 1/rachelzachday1-55.jpg,02,metadata/identity-review/reference-crops/tara/02-day-1-rachelzachday1-55.jpg,0.014288
Taylor Becker,Day 1/rachelzachday1-198.jpg,02,metadata/identity-review/reference-crops/taylor-becker/02-day-1-rachelzachday1-198.jpg,0.003307
Tav,Cocktail Hour/rachelzach-586.jpg,04,metadata/identity-review/reference-crops/tav/04-cocktail-hour-rachelzach-586.jpg,0.001470
Steve M,Day 1/rachelzachday1-189.jpg,06,metadata/identity-review/reference-crops/steve-m/06-day-1-rachelzachday1-189.jpg,0.012716
Tara,Day 1/rachelzachday1-203.jpg,03,metadata/identity-review/reference-crops/tara/03-day-1-rachelzachday1-203.jpg,0.011964
Taylor Noyer,Day 1/rachelzachday1-126.jpg,01,metadata/identity-review/reference-crops/taylor-noyer/01-day-1-rachelzachday1-126.jpg,0.028025
Tav,Sneak Peek/RachelZach-105.jpg,05,metadata/identity-review/reference-crops/tav/05-sneak-peek-rachelzach-105.jpg,0.001470
Tara,Getting Ready/rachelzach-14.jpg,04,metadata/identity-review/reference-crops/tara/04-getting-ready-rachelzach-14.jpg,0.009637
Tim J,Ceremony/rachelzach-205.jpg,01,metadata/identity-review/reference-crops/tim-j/01-ceremony-rachelzach-205.jpg,0.018908
Tara,Getting Ready/rachelzach-17.jpg,05,metadata/identity-review/reference-crops/tara/05-getting-ready-rachelzach-17.jpg,0.006600
Taylor Noyer,Day 1/rachelzachday1-125.jpg,02,metadata/identity-review/reference-crops/taylor-noyer/02-day-1-rachelzachday1-125.jpg,0.026837
Tara,Getting Ready/rachelzach-15.jpg,06,metadata/identity-review/reference-crops/tara/06-getting-ready-rachelzach-15.jpg,0.005888
Tim J,Day 1/rachelzachday1-271.jpg,02,metadata/identity-review/reference-crops/tim-j/02-day-1-rachelzachday1-271.jpg,0.016678
Tim Meyers,Ceremony/rachelzach-343.jpg,01,metadata/identity-review/reference-crops/tim-meyers/01-ceremony-rachelzach-343.jpg,0.008343
Taylor Noyer,Day 1/rachelzachday1-169.jpg,03,metadata/identity-review/reference-crops/taylor-noyer/03-day-1-rachelzachday1-169.jpg,0.021984
Tim Meyers,Ceremony/rachelzach-377.jpg,02,metadata/identity-review/reference-crops/tim-meyers/02-ceremony-rachelzach-377.jpg,0.002404
Taylor Noyer,Dancing/rachelzach-972.jpg,04,metadata/identity-review/reference-crops/taylor-noyer/04-dancing-rachelzach-972.jpg,0.020277
Tim J,Getting Ready/rachelzach-27.jpg,03,metadata/identity-review/reference-crops/tim-j/03-getting-ready-rachelzach-27.jpg,0.015465
TODD LEONARD,Ceremony/rachelzach-302.jpg,01,metadata/identity-review/reference-crops/todd-leonard/01-ceremony-rachelzach-302.jpg,0.002930
Tim J,Day 1/rachelzachday1-234.jpg,04,metadata/identity-review/reference-crops/tim-j/04-day-1-rachelzachday1-234.jpg,0.011073
Tim J,Day 1/rachelzachday1-302.jpg,05,metadata/identity-review/reference-crops/tim-j/05-day-1-rachelzachday1-302.jpg,0.006807
Todd Lurie,Day 1/rachelzachday1-168.jpg,01,metadata/identity-review/reference-crops/todd-lurie/01-day-1-rachelzachday1-168.jpg,0.024914
Trelawny,Day 1/rachelzachday1-232.jpg,01,metadata/identity-review/reference-crops/trelawny/01-day-1-rachelzachday1-232.jpg,0.020964
Taylor Noyer,Reception/rachelzach-754.jpg,05,metadata/identity-review/reference-crops/taylor-noyer/05-reception-rachelzach-754.jpg,0.015951
Taylor Noyer,Dancing/rachelzach-986.jpg,06,metadata/identity-review/reference-crops/taylor-noyer/06-dancing-rachelzach-986.jpg,0.007016
Tim J,Ceremony/rachelzach-272.jpg,06,metadata/identity-review/reference-crops/tim-j/06-ceremony-rachelzach-272.jpg,0.005675
Todd Lurie,Cocktail Hour/rachelzach-600.jpg,02,metadata/identity-review/reference-crops/todd-lurie/02-cocktail-hour-rachelzach-600.jpg,0.016066
Ty Damon,After Party/rachelzach-1119.jpg,01,metadata/identity-review/reference-crops/ty-damon/01-after-party-rachelzach-1119.jpg,0.018936
Trelawny,Day 1/rachelzachday1-159.jpg,02,metadata/identity-review/reference-crops/trelawny/02-day-1-rachelzachday1-159.jpg,0.019908
Ty Damon,Dancing/rachelzach-1095.jpg,02,metadata/identity-review/reference-crops/ty-damon/02-dancing-rachelzach-1095.jpg,0.008937
Trelawny,Getting Ready/rachelzach-14.jpg,03,metadata/identity-review/reference-crops/trelawny/03-getting-ready-rachelzach-14.jpg,0.012478
Ty Damon,Dancing/rachelzach-1099.jpg,03,metadata/identity-review/reference-crops/ty-damon/03-dancing-rachelzach-1099.jpg,0.004985
Todd Lurie,Day 1/rachelzachday1-51.jpg,03,metadata/identity-review/reference-crops/todd-lurie/03-day-1-rachelzachday1-51.jpg,0.013490
Trelawny,Getting Ready/rachelzach-15.jpg,04,metadata/identity-review/reference-crops/trelawny/04-getting-ready-rachelzach-15.jpg,0.009417
Ty Damon,Dancing/rachelzach-1096.jpg,04,metadata/identity-review/reference-crops/ty-damon/04-dancing-rachelzach-1096.jpg,0.004652
Tyler,Day 1/rachelzachday1-208.jpg,01,metadata/identity-review/reference-crops/tyler/01-day-1-rachelzachday1-208.jpg,0.017406
Ty Damon,Dancing/rachelzach-1098.jpg,05,metadata/identity-review/reference-crops/ty-damon/05-dancing-rachelzach-1098.jpg,0.004332
Todd Lurie,Cocktail Hour/rachelzach-567.jpg,04,metadata/identity-review/reference-crops/todd-lurie/04-cocktail-hour-rachelzach-567.jpg,0.010089
Trelawny,Getting Ready/rachelzach-16.jpg,05,metadata/identity-review/reference-crops/trelawny/05-getting-ready-rachelzach-16.jpg,0.008561
Todd Lurie,Reception/rachelzach-724.jpg,05,metadata/identity-review/reference-crops/todd-lurie/05-reception-rachelzach-724.jpg,0.007423
Trelawny,Day 1/rachelzachday1-229.jpg,06,metadata/identity-review/reference-crops/trelawny/06-day-1-rachelzachday1-229.jpg,0.007016
Tyler,Day 1/rachelzachday1-48.jpg,02,metadata/identity-review/reference-crops/tyler/02-day-1-rachelzachday1-48.jpg,0.007540
Zach Soskin,Day 1/rachelzachday1-22.jpg,01,metadata/identity-review/reference-crops/zach-soskin/01-day-1-rachelzachday1-22.jpg,0.005380
Todd Lurie,Sneak Peek/RachelZach-126.jpg,06,metadata/identity-review/reference-crops/todd-lurie/06-sneak-peek-rachelzach-126.jpg,0.007423
Tyler,Cocktail Hour/rachelzach-628.jpg,03,metadata/identity-review/reference-crops/tyler/03-cocktail-hour-rachelzach-628.jpg,0.005880
Zach Soskin,Day 1/rachelzachday1-23.jpg,02,metadata/identity-review/reference-crops/zach-soskin/02-day-1-rachelzachday1-23.jpg,0.004732
Zach Soskin,Day 1/rachelzachday1-21.jpg,03,metadata/identity-review/reference-crops/zach-soskin/03-day-1-rachelzachday1-21.jpg,0.003993
Zach Soskin,Day 1/rachelzachday1-24.jpg,04,metadata/identity-review/reference-crops/zach-soskin/04-day-1-rachelzachday1-24.jpg,0.003443
Zach Soskin,Day 1/rachelzachday1-25.jpg,05,metadata/identity-review/reference-crops/zach-soskin/05-day-1-rachelzachday1-25.jpg,0.003438
Zach Soskin,Day 1/rachelzachday1-20.jpg,06,metadata/identity-review/reference-crops/zach-soskin/06-day-1-rachelzachday1-20.jpg,0.003179
