review_id,path,face_index,crop,box_x,box_y,box_w,box_h,applied_w,applied_h,area,notes
001,Day 1/rachelzachday1-53.jpg,full,metadata/identity-review/unresolved-crops/001-day-1-rachelzachday1-53--full.jpg,,,,,,,,guest candid
004,Day 1/rachelzachday1-82.jpg,full,metadata/identity-review/unresolved-crops/004-day-1-rachelzachday1-82--full.jpg,,,,,,,,guest crowd
005,Day 1/rachelzachday1-85.jpg,01,metadata/identity-review/unresolved-crops/005-day-1-rachelzachday1-85--face-01.jpg,0.457630,0.096675,0.186440,0.139650,7091,9455,0.026036,guest portrait
002,Day 1/rachelzachday1-59.jpg,full,metadata/identity-review/unresolved-crops/002-day-1-rachelzachday1-59--full.jpg,,,,,,,,guests visible
003,Day 1/rachelzachday1-71.jpg,full,metadata/identity-review/unresolved-crops/003-day-1-rachelzachday1-71--full.jpg,,,,,,,,bride with unidentified guest
009,Day 1/rachelzachday1-98.jpg,01,metadata/identity-review/unresolved-crops/009-day-1-rachelzachday1-98--face-01.jpg,0.557835,0.163085,0.215230,0.143550,3947,5917,0.030896,guest portrait
006,Day 1/rachelzachday1-86.jpg,full,metadata/identity-review/unresolved-crops/006-day-1-rachelzachday1-86--full.jpg,,,,,,,,guest couple portrait
010,Day 1/rachelzachday1-99.jpg,01,metadata/identity-review/unresolved-crops/010-day-1-rachelzachday1-99--face-01.jpg,0.118595,0.192385,0.200590,0.133790,4777,7162,0.026837,two guests visible
011,Day 1/rachelzachday1-100.jpg,01,metadata/identity-review/unresolved-crops/011-day-1-rachelzachday1-100--face-01.jpg,0.317715,0.275395,0.172770,0.115230,5464,8192,0.019908,guest couple portrait
011,Day 1/rachelzachday1-100.jpg,02,metadata/identity-review/unresolved-crops/011-day-1-rachelzachday1-100--face-02.jpg,0.458275,0.186525,0.200590,0.133790,5464,8192,0.026837,guest couple portrait
007,Day 1/rachelzachday1-91.jpg,full,metadata/identity-review/unresolved-crops/007-day-1-rachelzachday1-91--full.jpg,,,,,,,,guest candid
014,Day 1/rachelzachday1-119.jpg,01,metadata/identity-review/unresolved-crops/014-day-1-rachelzachday1-119--face-01.jpg,0.388560,0.187505,0.233140,0.155270,4199,6296,0.036200,guest portrait
012,Day 1/rachelzachday1-105.jpg,full,metadata/identity-review/unresolved-crops/012-day-1-rachelzachday1-105--full.jpg,,,,,,,,guests visible
008,Day 1/rachelzachday1-92.jpg,full,metadata/identity-review/unresolved-crops/008-day-1-rachelzachday1-92--full.jpg,,,,,,,,guest profile
016,Day 1/rachelzachday1-128.jpg,01,metadata/identity-review/unresolved-crops/016-day-1-rachelzachday1-128--face-01.jpg,0.380680,0.108400,0.221080,0.147460,4658,6983,0.032600,guest conversation
013,Day 1/rachelzachday1-113.jpg,full,metadata/identity-review/unresolved-crops/013-day-1-rachelzachday1-113--full.jpg,,,,,,,,guest conversation
017,Day 1/rachelzachday1-131.jpg,01,metadata/identity-review/unresolved-crops/017-day-1-rachelzachday1-131--face-01.jpg,0.341145,0.306640,0.272330,0.181640,5464,8192,0.049466,guest portrait
018,Day 1/rachelzachday1-132.jpg,01,metadata/identity-review/unresolved-crops/018-day-1-rachelzachday1-132--face-01.jpg,0.038065,0.332030,0.196190,0.130860,5464,8192,0.025673,guest couple visible
020,Day 1/rachelzachday1-156.jpg,01,metadata/identity-review/unresolved-crops/020-day-1-rachelzachday1-156--face-01.jpg,0.388560,0.202145,0.218480,0.145510,4209,6311,0.031791,unknown guest candid
019,Day 1/rachelzachday1-151.jpg,01,metadata/identity-review/unresolved-crops/019-day-1-rachelzachday1-151--face-01.jpg,0.390035,0.083985,0.329910,0.219730,4442,6660,0.072491,clear unknown guest
021,Day 1/rachelzachday1-164.jpg,01,metadata/identity-review/unresolved-crops/021-day-1-rachelzachday1-164--face-01.jpg,0.701315,0.117185,0.253290,0.168950,4632,6944,0.042793,unknown guests visible
023,Day 1/rachelzachday1-199.jpg,01,metadata/identity-review/unresolved-crops/023-day-1-rachelzachday1-199--face-01.jpg,0.627115,0.636715,0.057370,0.042970,7658,10211,0.002465,guest group visible
021,Day 1/rachelzachday1-164.jpg,02,metadata/identity-review/unresolved-crops/021-day-1-rachelzachday1-164--face-02.jpg,0.308930,0.240230,0.256220,0.170900,4632,6944,0.043788,unknown guests visible
015,Day 1/rachelzachday1-120.jpg,full,metadata/identity-review/unresolved-crops/015-day-1-rachelzachday1-120--full.jpg,,,,,,,,guest crowd
026,Ceremony/rachelzach-199.jpg,01,metadata/identity-review/unresolved-crops/026-ceremony-rachelzach-199--face-01.jpg,0.314785,0.508795,0.045390,0.030270,4578,6863,0.001374,ceremony guests visible
026,Ceremony/rachelzach-199.jpg,02,metadata/identity-review/unresolved-crops/026-ceremony-rachelzach-199--face-02.jpg,0.538800,0.486330,0.049780,0.033200,4578,6863,0.001653,ceremony guests visible
022,Day 1/rachelzachday1-173.jpg,full,metadata/identity-review/unresolved-crops/022-day-1-rachelzachday1-173--full.jpg,,,,,,,,child guest profile
027,Ceremony/rachelzach-209.jpg,01,metadata/identity-review/unresolved-crops/027-ceremony-rachelzach-209--face-01.jpg,0.341140,0.266600,0.204980,0.136720,4667,6997,0.028025,clear photographer guest
029,Ceremony/rachelzach-217.jpg,01,metadata/identity-review/unresolved-crops/029-ceremony-rachelzach-217--face-01.jpg,0.260995,0.216800,0.137830,0.091800,4393,6587,0.012653,clear ceremony guests
025,Getting Ready/rachelzach-58.jpg,full,metadata/identity-review/unresolved-crops/025-getting-ready-rachelzach-58--full.jpg,,,,,,,,groom with guest
024,Getting Ready/rachelzach-7.jpg,full,metadata/identity-review/unresolved-crops/024-getting-ready-rachelzach-7--full.jpg,,,,,,,,get ready guests
029,Ceremony/rachelzach-217.jpg,02,metadata/identity-review/unresolved-crops/029-ceremony-rachelzach-217--face-02.jpg,0.602635,0.195315,0.165690,0.110350,4393,6587,0.018284,clear ceremony guests
031,Ceremony/rachelzach-229.jpg,01,metadata/identity-review/unresolved-crops/031-ceremony-rachelzach-229--face-01.jpg,0.320315,0.573940,0.019530,0.029280,7913,5278,0.000572,group of ceremony guests
030,Ceremony/rachelzach-227.jpg,01,metadata/identity-review/unresolved-crops/030-ceremony-rachelzach-227--face-01.jpg,0.223955,0.622070,0.028650,0.021480,8736,11648,0.000615,ceremony guests visible
031,Ceremony/rachelzach-229.jpg,02,metadata/identity-review/unresolved-crops/031-ceremony-rachelzach-229--face-02.jpg,0.151365,0.568085,0.020510,0.030750,7913,5278,0.000631,group of ceremony guests
031,Ceremony/rachelzach-229.jpg,03,metadata/identity-review/unresolved-crops/031-ceremony-rachelzach-229--face-03.jpg,0.126955,0.585650,0.018550,0.027820,7913,5278,0.000516,group of ceremony guests
033,Ceremony/rachelzach-234.jpg,01,metadata/identity-review/unresolved-crops/033-ceremony-rachelzach-234--face-01.jpg,0.824220,0.526370,0.037760,0.028320,8736,11648,0.001069,group of ceremony guests
031,Ceremony/rachelzach-229.jpg,04,metadata/identity-review/unresolved-crops/031-ceremony-rachelzach-229--face-04.jpg,0.730475,0.557830,0.018550,0.027820,7913,5278,0.000516,group of ceremony guests
033,Ceremony/rachelzach-234.jpg,02,metadata/identity-review/unresolved-crops/033-ceremony-rachelzach-234--face-02.jpg,0.406250,0.535155,0.048180,0.036130,8736,11648,0.001741,group of ceremony guests
032,Ceremony/rachelzach-232.jpg,full,metadata/identity-review/unresolved-crops/032-ceremony-rachelzach-232--full.jpg,,,,,,,,visible ceremony guest
033,Ceremony/rachelzach-234.jpg,03,metadata/identity-review/unresolved-crops/033-ceremony-rachelzach-234--face-03.jpg,0.039060,0.565430,0.039060,0.029300,8736,11648,0.001144,group of ceremony guests
035,Ceremony/rachelzach-246.jpg,01,metadata/identity-review/unresolved-crops/035-ceremony-rachelzach-246--face-01.jpg,0.598825,0.654295,0.089310,0.059570,5464,8192,0.005320,seated ceremony guests
033,Ceremony/rachelzach-234.jpg,04,metadata/identity-review/unresolved-crops/033-ceremony-rachelzach-234--face-04.jpg,0.423180,0.507815,0.049480,0.037110,8736,11648,0.001836,group of ceremony guests
035,Ceremony/rachelzach-246.jpg,02,metadata/identity-review/unresolved-crops/035-ceremony-rachelzach-246--face-02.jpg,0.863835,0.532230,0.067350,0.044920,5464,8192,0.003025,seated ceremony guests
035,Ceremony/rachelzach-246.jpg,03,metadata/identity-review/unresolved-crops/035-ceremony-rachelzach-246--face-03.jpg,0.881405,0.450190,0.060030,0.040040,5464,8192,0.002404,seated ceremony guests
028,Ceremony/rachelzach-213.jpg,full,metadata/identity-review/unresolved-crops/028-ceremony-rachelzach-213--full.jpg,,,,,,,,clear ceremony guests
037,Ceremony/rachelzach-262.jpg,01,metadata/identity-review/unresolved-crops/037-ceremony-rachelzach-262--face-01.jpg,0.851905,0.339840,0.146630,0.114260,4135,6200,0.016754,hug with obscured faces
036,Ceremony/rachelzach-250.jpg,01,metadata/identity-review/unresolved-crops/036-ceremony-rachelzach-250--face-01.jpg,0.799480,0.159180,0.111980,0.083980,8736,11648,0.009404,clear seated guest
037,Ceremony/rachelzach-262.jpg,02,metadata/identity-review/unresolved-crops/037-ceremony-rachelzach-262--face-02.jpg,0.013200,0.372075,0.149560,0.099610,4135,6200,0.014898,hug with obscured faces
039,Ceremony/rachelzach-267.jpg,01,metadata/identity-review/unresolved-crops/039-ceremony-rachelzach-267--face-01.jpg,0.446555,0.306640,0.237190,0.158200,4737,7102,0.037523,ceremony hug visible
040,Ceremony/rachelzach-273.jpg,01,metadata/identity-review/unresolved-crops/040-ceremony-rachelzach-273--face-01.jpg,0.781520,0.329100,0.134900,0.089840,4406,6606,0.012119,hug mostly obscured
034,Ceremony/rachelzach-239.jpg,full,metadata/identity-review/unresolved-crops/034-ceremony-rachelzach-239--full.jpg,,,,,,,,visible cocktail guests
036,Ceremony/rachelzach-250.jpg,02,metadata/identity-review/unresolved-crops/036-ceremony-rachelzach-250--face-02.jpg,0.246090,0.226565,0.200520,0.150390,8736,11648,0.030156,clear seated guest
041,Ceremony/rachelzach-286.jpg,01,metadata/identity-review/unresolved-crops/041-ceremony-rachelzach-286--face-01.jpg,0.384160,0.337895,0.087980,0.058590,3819,5726,0.005155,clear child portrait
038,Ceremony/rachelzach-266.jpg,full,metadata/identity-review/unresolved-crops/038-ceremony-rachelzach-266--full.jpg,,,,,,,,ceremony hug visible
040,Ceremony/rachelzach-273.jpg,02,metadata/identity-review/unresolved-crops/040-ceremony-rachelzach-273--face-02.jpg,0.196480,0.655275,0.284460,0.189450,4406,6606,0.053891,hug mostly obscured
036,Ceremony/rachelzach-250.jpg,03,metadata/identity-review/unresolved-crops/036-ceremony-rachelzach-250--face-03.jpg,0.442710,0.193355,0.102860,0.077150,8736,11648,0.007936,clear seated guest
044,Ceremony/rachelzach-334.jpg,01,metadata/identity-review/unresolved-crops/044-ceremony-rachelzach-334--face-01.jpg,0.330895,0.121090,0.314790,0.209960,5464,8192,0.066093,clear ceremony guest
042,Ceremony/rachelzach-292.jpg,full,metadata/identity-review/unresolved-crops/042-ceremony-rachelzach-292--full.jpg,,,,,,,,distant ceremony subjects
044,Ceremony/rachelzach-334.jpg,02,metadata/identity-review/unresolved-crops/044-ceremony-rachelzach-334--face-02.jpg,0.042465,0.115235,0.216690,0.144530,5464,8192,0.031318,clear ceremony guest
043,Ceremony/rachelzach-328.jpg,full,metadata/identity-review/unresolved-crops/043-ceremony-rachelzach-328--full.jpg,,,,,,,,seated ceremony guests
048,Ceremony/rachelzach-360.jpg,01,metadata/identity-review/unresolved-crops/048-ceremony-rachelzach-360--face-01.jpg,0.846040,0.262700,0.092380,0.061520,4115,6170,0.005683,clear seated guests
049,Ceremony/rachelzach-361.jpg,01,metadata/identity-review/unresolved-crops/049-ceremony-rachelzach-361--face-01.jpg,0.775985,0.296875,0.087850,0.058590,4355,6529,0.005147,clear seated guests
046,Ceremony/rachelzach-347.jpg,full,metadata/identity-review/unresolved-crops/046-ceremony-rachelzach-347--full.jpg,,,,,,,,Rachel with clear officiant
045,Ceremony/rachelzach-341.jpg,full,metadata/identity-review/unresolved-crops/045-ceremony-rachelzach-341--full.jpg,,,,,,,,Rachel with officiant visible
051,Ceremony/rachelzach-384.jpg,full,metadata/identity-review/unresolved-crops/051-ceremony-rachelzach-384--full.jpg,,,,,,,,seated guest profiles
050,Ceremony/rachelzach-370.jpg,full,metadata/identity-review/unresolved-crops/050-ceremony-rachelzach-370--full.jpg,,,,,,,,wide seated guests visible
047,Ceremony/rachelzach-352.jpg,full,metadata/identity-review/unresolved-crops/047-ceremony-rachelzach-352--full.jpg,,,,,,,,clear seated guests
053,Ceremony/rachelzach-417.jpg,01,metadata/identity-review/unresolved-crops/053-ceremony-rachelzach-417--face-01.jpg,0.279295,0.376300,0.026370,0.035160,11648,8736,0.000927,clear recessional guests
054,Ceremony/rachelzach-420.jpg,01,metadata/identity-review/unresolved-crops/054-ceremony-rachelzach-420--face-01.jpg,0.490485,0.382815,0.073210,0.048830,5464,8192,0.003575,clear ceremony guests
054,Ceremony/rachelzach-420.jpg,02,metadata/identity-review/unresolved-crops/054-ceremony-rachelzach-420--face-02.jpg,0.727675,0.399420,0.067350,0.044920,5464,8192,0.003025,clear ceremony guests
053,Ceremony/rachelzach-417.jpg,02,metadata/identity-review/unresolved-crops/053-ceremony-rachelzach-417--face-02.jpg,0.066410,0.364585,0.021480,0.028650,11648,8736,0.000615,clear recessional guests
054,Ceremony/rachelzach-420.jpg,03,metadata/identity-review/unresolved-crops/054-ceremony-rachelzach-420--face-03.jpg,0.202050,0.426755,0.048320,0.032230,5464,8192,0.001557,clear ceremony guests
054,Ceremony/rachelzach-420.jpg,04,metadata/identity-review/unresolved-crops/054-ceremony-rachelzach-420--face-04.jpg,0.027815,0.390620,0.052710,0.035160,5464,8192,0.001853,clear ceremony guests
053,Ceremony/rachelzach-417.jpg,03,metadata/identity-review/unresolved-crops/053-ceremony-rachelzach-417--face-03.jpg,0.538090,0.347660,0.027340,0.036460,11648,8736,0.000997,clear recessional guests
052,Ceremony/rachelzach-385.jpg,full,metadata/identity-review/unresolved-crops/052-ceremony-rachelzach-385--full.jpg,,,,,,,,bride groom and officiant
058,Cocktail Hour/rachelzach-457.jpg,01,metadata/identity-review/unresolved-crops/058-cocktail-hour-rachelzach-457--face-01.jpg,0.524155,0.320315,0.139090,0.092770,5464,8192,0.012903,clear cocktail guests
059,Cocktail Hour/rachelzach-506.jpg,01,metadata/identity-review/unresolved-crops/059-cocktail-hour-rachelzach-506--face-01.jpg,0.855050,0.293940,0.070280,0.046880,5028,7538,0.003295,clear cocktail guests
057,Cocktail Hour/rachelzach-456.jpg,full,metadata/identity-review/unresolved-crops/057-cocktail-hour-rachelzach-456--full.jpg,,,,,,,,clear cocktail guests
055,Friends & Family/rachelzach-465.jpg,full,metadata/identity-review/unresolved-crops/055-friends-and-family-rachelzach-465--full.jpg,,,,,,,,wedding party lineup
061,Cocktail Hour/rachelzach-515.jpg,01,metadata/identity-review/unresolved-crops/061-cocktail-hour-rachelzach-515--face-01.jpg,0.166915,0.295900,0.109810,0.073240,5464,8192,0.008042,clear cocktail guests
061,Cocktail Hour/rachelzach-515.jpg,02,metadata/identity-review/unresolved-crops/061-cocktail-hour-rachelzach-515--face-02.jpg,0.330895,0.202155,0.139090,0.092770,5464,8192,0.012903,clear cocktail guests
060,Cocktail Hour/rachelzach-507.jpg,full,metadata/identity-review/unresolved-crops/060-cocktail-hour-rachelzach-507--full.jpg,,,,,,,,cocktail guests visible
056,Friends & Family/rachelzach-466.jpg,full,metadata/identity-review/unresolved-crops/056-friends-and-family-rachelzach-466--full.jpg,,,,,,,,wedding party lineup
062,Cocktail Hour/rachelzach-527.jpg,full,metadata/identity-review/unresolved-crops/062-cocktail-hour-rachelzach-527--full.jpg,,,,,,,,clear cocktail guest
064,Cocktail Hour/rachelzach-550.jpg,01,metadata/identity-review/unresolved-crops/064-cocktail-hour-rachelzach-550--face-01.jpg,0.548170,0.478510,0.046880,0.035160,8736,11648,0.001648,clear cocktail guests
065,Cocktail Hour/rachelzach-553.jpg,01,metadata/identity-review/unresolved-crops/065-cocktail-hour-rachelzach-553--face-01.jpg,0.158855,0.384765,0.080730,0.060550,8736,11648,0.004888,cocktail guests visible
066,Cocktail Hour/rachelzach-557.jpg,01,metadata/identity-review/unresolved-crops/066-cocktail-hour-rachelzach-557--face-01.jpg,0.273440,0.228520,0.089840,0.067380,7813,10417,0.006053,clear cocktail guests
063,Cocktail Hour/rachelzach-533.jpg,full,metadata/identity-review/unresolved-crops/063-cocktail-hour-rachelzach-533--full.jpg,,,,,,,,cocktail guests visible
067,Cocktail Hour/rachelzach-560.jpg,01,metadata/identity-review/unresolved-crops/067-cocktail-hour-rachelzach-560--face-01.jpg,0.344570,0.215815,0.303520,0.202150,4839,7255,0.061357,clear cocktail guest
068,Cocktail Hour/rachelzach-561.jpg,01,metadata/identity-review/unresolved-crops/068-cocktail-hour-rachelzach-561--face-01.jpg,0.818360,0.540265,0.021480,0.032210,7475,4986,0.000692,wide cocktail guests
065,Cocktail Hour/rachelzach-553.jpg,02,metadata/identity-review/unresolved-crops/065-cocktail-hour-rachelzach-553--face-02.jpg,0.733070,0.168950,0.075520,0.056640,8736,11648,0.004277,cocktail guests visible
071,Cocktail Hour/rachelzach-577.jpg,01,metadata/identity-review/unresolved-crops/071-cocktail-hour-rachelzach-577--face-01.jpg,0.420205,0.195315,0.253290,0.168950,3994,5988,0.042793,guest portrait
069,Cocktail Hour/rachelzach-569.jpg,01,metadata/identity-review/unresolved-crops/069-cocktail-hour-rachelzach-569--face-01.jpg,0.360170,0.349605,0.218160,0.145510,5464,8192,0.031744,clear cocktail guest
070,Cocktail Hour/rachelzach-572.jpg,01,metadata/identity-review/unresolved-crops/070-cocktail-hour-rachelzach-572--face-01.jpg,0.311855,0.166995,0.301610,0.201170,5464,8192,0.060675,guest portrait
072,Cocktail Hour/rachelzach-585.jpg,01,metadata/identity-review/unresolved-crops/072-cocktail-hour-rachelzach-585--face-01.jpg,0.752600,0.240230,0.122400,0.091800,7529,10038,0.011236,guest conversation
073,Cocktail Hour/rachelzach-590.jpg,01,metadata/identity-review/unresolved-crops/073-cocktail-hour-rachelzach-590--face-01.jpg,0.368955,0.207030,0.222550,0.148440,4215,6319,0.033035,guest portrait
074,Cocktail Hour/rachelzach-592.jpg,01,metadata/identity-review/unresolved-crops/074-cocktail-hour-rachelzach-592--face-01.jpg,0.238650,0.125975,0.276720,0.184570,4581,6868,0.051074,guest portrait
075,Cocktail Hour/rachelzach-601.jpg,01,metadata/identity-review/unresolved-crops/075-cocktail-hour-rachelzach-601--face-01.jpg,0.380860,0.295755,0.039060,0.058570,8192,5464,0.002288,guests visible
078,Cocktail Hour/rachelzach-616.jpg,01,metadata/identity-review/unresolved-crops/078-cocktail-hour-rachelzach-616--face-01.jpg,0.199120,0.597660,0.042460,0.028320,5126,7685,0.001202,distant guest pair
075,Cocktail Hour/rachelzach-601.jpg,02,metadata/identity-review/unresolved-crops/075-cocktail-hour-rachelzach-601--face-02.jpg,0.310550,0.270865,0.049800,0.074670,8192,5464,0.003719,guests visible
079,Cocktail Hour/rachelzach-620.jpg,01,metadata/identity-review/unresolved-crops/079-cocktail-hour-rachelzach-620--face-01.jpg,0.217445,0.316400,0.130210,0.097660,8736,11648,0.012716,guest conversation
076,Cocktail Hour/rachelzach-606.jpg,full,metadata/identity-review/unresolved-crops/076-cocktail-hour-rachelzach-606--full.jpg,,,,,,,,guest portrait
077,Cocktail Hour/rachelzach-611.jpg,full,metadata/identity-review/unresolved-crops/077-cocktail-hour-rachelzach-611--full.jpg,,,,,,,,child portrait
081,Cocktail Hour/rachelzach-645.jpg,01,metadata/identity-review/unresolved-crops/081-cocktail-hour-rachelzach-645--face-01.jpg,0.345535,0.558595,0.046850,0.031250,4528,6788,0.001464,guest with children
079,Cocktail Hour/rachelzach-620.jpg,02,metadata/identity-review/unresolved-crops/079-cocktail-hour-rachelzach-620--face-02.jpg,0.588540,0.377930,0.100260,0.075200,8736,11648,0.007540,guest conversation
082,Cocktail Hour/rachelzach-646.jpg,01,metadata/identity-review/unresolved-crops/082-cocktail-hour-rachelzach-646--face-01.jpg,0.524745,0.548825,0.132810,0.099610,8736,11648,0.013229,cocktail guests visible
080,Cocktail Hour/rachelzach-642.jpg,full,metadata/identity-review/unresolved-crops/080-cocktail-hour-rachelzach-642--full.jpg,,,,,,,,guests with parasol
085,Reception/rachelzach-688.jpg,01,metadata/identity-review/unresolved-crops/085-reception-rachelzach-688--face-01.jpg,0.306455,0.220700,0.146630,0.097660,4305,6455,0.014320,guest couple dancing
085,Reception/rachelzach-688.jpg,02,metadata/identity-review/unresolved-crops/085-reception-rachelzach-688--face-02.jpg,0.881235,0.142575,0.114370,0.076170,4305,6455,0.008712,guest couple dancing
085,Reception/rachelzach-688.jpg,03,metadata/identity-review/unresolved-crops/085-reception-rachelzach-688--face-03.jpg,0.451615,0.069330,0.300590,0.200200,4305,6455,0.060178,guest couple dancing
083,Reception/rachelzach-672.jpg,full,metadata/identity-review/unresolved-crops/083-reception-rachelzach-672--full.jpg,,,,,,,,dancing guests
084,Reception/rachelzach-673.jpg,full,metadata/identity-review/unresolved-crops/084-reception-rachelzach-673--full.jpg,,,,,,,,dancing guests
088,Reception/rachelzach-735.jpg,01,metadata/identity-review/unresolved-crops/088-reception-rachelzach-735--face-01.jpg,0.069335,0.266475,0.106450,0.159590,8192,5464,0.016988,groom hugging guest
086,Reception/rachelzach-696.jpg,full,metadata/identity-review/unresolved-crops/086-reception-rachelzach-696--full.jpg,,,,,,,,dancing guests
088,Reception/rachelzach-735.jpg,02,metadata/identity-review/unresolved-crops/088-reception-rachelzach-735--face-02.jpg,0.890625,0.229865,0.082030,0.122990,8192,5464,0.010089,groom hugging guest
088,Reception/rachelzach-735.jpg,03,metadata/identity-review/unresolved-crops/088-reception-rachelzach-735--face-03.jpg,0.719725,0.338210,0.060550,0.090780,8192,5464,0.005497,groom hugging guest
091,Reception/rachelzach-864.jpg,01,metadata/identity-review/unresolved-crops/091-reception-rachelzach-864--face-01.jpg,0.913495,0.385740,0.077710,0.051760,5007,7507,0.004022,guests at table
089,Reception/rachelzach-840.jpg,full,metadata/identity-review/unresolved-crops/089-reception-rachelzach-840--full.jpg,,,,,,,,couple with guest nearby
087,Reception/rachelzach-718.jpg,full,metadata/identity-review/unresolved-crops/087-reception-rachelzach-718--full.jpg,,,,,,,,dancing guests
090,Reception/rachelzach-846.jpg,full,metadata/identity-review/unresolved-crops/090-reception-rachelzach-846--full.jpg,,,,,,,,guests at table
095,Reception/rachelzach-887.jpg,01,metadata/identity-review/unresolved-crops/095-reception-rachelzach-887--face-01.jpg,0.418740,0.342775,0.235720,0.157230,4721,7078,0.037062,guest portrait
092,Reception/rachelzach-870.jpg,full,metadata/identity-review/unresolved-crops/092-reception-rachelzach-870--full.jpg,,,,,,,,guest portrait
093,Reception/rachelzach-874.jpg,full,metadata/identity-review/unresolved-crops/093-reception-rachelzach-874--full.jpg,,,,,,,,child with groom
095,Reception/rachelzach-887.jpg,02,metadata/identity-review/unresolved-crops/095-reception-rachelzach-887--face-02.jpg,0.194725,0.056645,0.285510,0.190430,4721,7078,0.054370,guest portrait
097,Reception/rachelzach-922.jpg,01,metadata/identity-review/unresolved-crops/097-reception-rachelzach-922--face-01.jpg,0.784770,0.284180,0.077600,0.051760,4489,6730,0.004017,guest hugging groom
099,Dancing/rachelzach-937.jpg,01,metadata/identity-review/unresolved-crops/099-dancing-rachelzach-937--face-01.jpg,0.253670,0.119135,0.065980,0.043950,2807,4211,0.002900,child and guest dancing
094,Reception/rachelzach-878.jpg,full,metadata/identity-review/unresolved-crops/094-reception-rachelzach-878--full.jpg,,,,,,,,standing guests
099,Dancing/rachelzach-937.jpg,02,metadata/identity-review/unresolved-crops/099-dancing-rachelzach-937--face-02.jpg,0.183285,0.318365,0.148090,0.098630,2807,4211,0.014606,child and guest dancing
100,Dancing/rachelzach-941.jpg,01,metadata/identity-review/unresolved-crops/100-dancing-rachelzach-941--face-01.jpg,0.551315,0.290040,0.161290,0.107420,2963,4445,0.017326,guest couple dancing
098,Reception/rachelzach-929.jpg,01,metadata/identity-review/unresolved-crops/098-reception-rachelzach-929--face-01.jpg,0.528545,0.287110,0.229870,0.153320,4702,7049,0.035244,guest portrait
101,Dancing/rachelzach-964.jpg,01,metadata/identity-review/unresolved-crops/101-dancing-rachelzach-964--face-01.jpg,0.577715,0.160160,0.067450,0.044920,2719,4078,0.003030,bride with unidentified guest
102,Dancing/rachelzach-965.jpg,01,metadata/identity-review/unresolved-crops/102-dancing-rachelzach-965--face-01.jpg,0.127565,0.142575,0.082110,0.054690,2820,4230,0.004491,musician portrait
101,Dancing/rachelzach-964.jpg,02,metadata/identity-review/unresolved-crops/101-dancing-rachelzach-964--face-02.jpg,0.096775,0.187500,0.076250,0.050780,2719,4078,0.003872,bride with unidentified guest
102,Dancing/rachelzach-965.jpg,02,metadata/identity-review/unresolved-crops/102-dancing-rachelzach-965--face-02.jpg,0.519060,0.193360,0.117300,0.078120,2820,4230,0.009163,musician portrait
104,Dancing/rachelzach-992.jpg,01,metadata/identity-review/unresolved-crops/104-dancing-rachelzach-992--face-01.jpg,0.727270,0.196285,0.108500,0.072270,3079,4618,0.007841,guest couple dancing
096,Reception/rachelzach-898.jpg,full,metadata/identity-review/unresolved-crops/096-reception-rachelzach-898--full.jpg,,,,,,,,guest hugging couple
105,Dancing/rachelzach-994.jpg,full,metadata/identity-review/unresolved-crops/105-dancing-rachelzach-994--full.jpg,,,,,,,,guest dancing
108,Dancing/rachelzach-1007.jpg,01,metadata/identity-review/unresolved-crops/108-dancing-rachelzach-1007--face-01.jpg,0.177155,0.350590,0.060030,0.040040,5464,8192,0.002404,guest dancing
103,Dancing/rachelzach-977.jpg,full,metadata/identity-review/unresolved-crops/103-dancing-rachelzach-977--full.jpg,,,,,,,,guest pair portrait
108,Dancing/rachelzach-1007.jpg,02,metadata/identity-review/unresolved-crops/108-dancing-rachelzach-1007--face-02.jpg,0.380670,0.317385,0.071740,0.047850,5464,8192,0.003433,guest dancing
110,Dancing/rachelzach-1033.jpg,01,metadata/identity-review/unresolved-crops/110-dancing-rachelzach-1033--face-01.jpg,0.004400,0.576170,0.051320,0.034180,3047,4571,0.001754,dance crowd visible
109,Dancing/rachelzach-1032.jpg,full,metadata/identity-review/unresolved-crops/109-dancing-rachelzach-1032--full.jpg,,,,,,,,dance crowd visible
106,Dancing/rachelzach-1004.jpg,full,metadata/identity-review/unresolved-crops/106-dancing-rachelzach-1004--full.jpg,,,,,,,,guest dancing
112,Dancing/rachelzach-1049.jpg,01,metadata/identity-review/unresolved-crops/112-dancing-rachelzach-1049--face-01.jpg,0.464805,0.326170,0.109970,0.073240,3648,5472,0.008054,child portrait
113,Dancing/rachelzach-1062.jpg,01,metadata/identity-review/unresolved-crops/113-dancing-rachelzach-1062--face-01.jpg,0.552780,0.075200,0.092380,0.061520,3648,5472,0.005683,dance guests visible
114,Dancing/rachelzach-1063.jpg,01,metadata/identity-review/unresolved-crops/114-dancing-rachelzach-1063--face-01.jpg,0.387095,0.212895,0.123170,0.082030,2987,4480,0.010104,guest dancing
107,Dancing/rachelzach-1005.jpg,full,metadata/identity-review/unresolved-crops/107-dancing-rachelzach-1005--full.jpg,,,,,,,,dance guests visible
114,Dancing/rachelzach-1063.jpg,02,metadata/identity-review/unresolved-crops/114-dancing-rachelzach-1063--face-02.jpg,0.898825,0.121100,0.099710,0.067380,2987,4480,0.006718,guest dancing
111,Dancing/rachelzach-1048.jpg,full,metadata/identity-review/unresolved-crops/111-dancing-rachelzach-1048--full.jpg,,,,,,,,child and guest seated
116,Dancing/rachelzach-1090.jpg,01,metadata/identity-review/unresolved-crops/116-dancing-rachelzach-1090--face-01.jpg,0.539585,0.222655,0.142230,0.094730,3268,4902,0.013473,guest couple dancing
117,After Party/rachelzach-1106.jpg,01,metadata/identity-review/unresolved-crops/117-after-party-rachelzach-1106--face-01.jpg,0.322580,0.194335,0.233140,0.155270,2894,4341,0.036200,partial after party faces
118,After Party/rachelzach-1113.jpg,01,metadata/identity-review/unresolved-crops/118-after-party-rachelzach-1113--face-01.jpg,0.640765,0.242190,0.171550,0.114260,3166,4749,0.019601,clear after party guests
119,After Party/rachelzach-1122.jpg,01,metadata/identity-review/unresolved-crops/119-after-party-rachelzach-1122--face-01.jpg,0.388560,0.339845,0.130500,0.086910,3648,5472,0.011342,clear DJ portrait
120,After Party/rachelzach-1129.jpg,01,metadata/identity-review/unresolved-crops/120-after-party-rachelzach-1129--face-01.jpg,0.291785,0.435550,0.076250,0.050780,3648,5472,0.003872,visible dancing guests
118,After Party/rachelzach-1113.jpg,02,metadata/identity-review/unresolved-crops/118-after-party-rachelzach-1113--face-02.jpg,0.376835,0.217775,0.133430,0.088870,3166,4749,0.011858,clear after party guests
120,After Party/rachelzach-1129.jpg,02,metadata/identity-review/unresolved-crops/120-after-party-rachelzach-1129--face-02.jpg,0.173020,0.416995,0.079180,0.052730,3648,5472,0.004175,visible dancing guests
115,Dancing/rachelzach-1064.jpg,full,metadata/identity-review/unresolved-crops/115-dancing-rachelzach-1064--full.jpg,,,,,,,,guest seated pair
122,After Party/rachelzach-1145.jpg,full,metadata/identity-review/unresolved-crops/122-after-party-rachelzach-1145--full.jpg,,,,,,,,clear after party guest
121,After Party/rachelzach-1130.jpg,full,metadata/identity-review/unresolved-crops/121-after-party-rachelzach-1130--full.jpg,,,,,,,,visible after party guests
125,Sneak Peek/1. RachelZach-58.jpg,full,metadata/identity-review/unresolved-crops/125-sneak-peek-1-rachelzach-58--full.jpg,,,,,,,,couple with guests
124,Sneak Peek/1. RachelZach-29.jpg,full,metadata/identity-review/unresolved-crops/124-sneak-peek-1-rachelzach-29--full.jpg,,,,,,,,child guest
123,Sneak Peek/1. RachelZach-13.jpg,full,metadata/identity-review/unresolved-crops/123-sneak-peek-1-rachelzach-13--full.jpg,,,,,,,,guest profile
128,Sneak Peek/RachelZach-98.jpg,full,metadata/identity-review/unresolved-crops/128-sneak-peek-rachelzach-98--full.jpg,,,,,,,,guest group
130,Sneak Peek/RachelZach-108.jpg,01,metadata/identity-review/unresolved-crops/130-sneak-peek-rachelzach-108--face-01.jpg,0.199120,0.597660,0.042460,0.028320,5126,7685,0.001202,guest portrait
126,Sneak Peek/RachelZach-85.jpg,full,metadata/identity-review/unresolved-crops/126-sneak-peek-rachelzach-85--full.jpg,,,,,,,,wedding party lineup
127,Sneak Peek/RachelZach-91.jpg,full,metadata/identity-review/unresolved-crops/127-sneak-peek-rachelzach-91--full.jpg,,,,,,,,guest group
133,Film/rachelzachfilm-45.jpg,01,metadata/identity-review/unresolved-crops/133-film-rachelzachfilm-45--face-01.jpg,0.333335,0.255865,0.079650,0.052730,2048,3089,0.004200,two guests visible
133,Film/rachelzachfilm-45.jpg,02,metadata/identity-review/unresolved-crops/133-film-rachelzachfilm-45--face-02.jpg,0.595865,0.256835,0.097350,0.064450,2048,3089,0.006274,two guests visible
132,Film/rachelzachfilm-44.jpg,full,metadata/identity-review/unresolved-crops/132-film-rachelzachfilm-44--full.jpg,,,,,,,,guests visible
133,Film/rachelzachfilm-45.jpg,03,metadata/identity-review/unresolved-crops/133-film-rachelzachfilm-45--face-03.jpg,0.789090,0.237305,0.063420,0.041990,2048,3089,0.002663,two guests visible
134,Film/rachelzachfilm-57.jpg,01,metadata/identity-review/unresolved-crops/134-film-rachelzachfilm-57--face-01.jpg,0.299415,0.021480,0.147490,0.097660,2048,3089,0.014404,child and guest visible
135,Film/rachelzachfilm-58.jpg,01,metadata/identity-review/unresolved-crops/135-film-rachelzachfilm-58--face-01.jpg,0.405600,0.149415,0.116520,0.077150,2048,3089,0.008990,child with guests
136,Film/rachelzachfilm-60.jpg,01,metadata/identity-review/unresolved-crops/136-film-rachelzachfilm-60--face-01.jpg,0.306635,0.247420,0.088870,0.134020,2425,1608,0.011910,child with guests
135,Film/rachelzachfilm-58.jpg,02,metadata/identity-review/unresolved-crops/135-film-rachelzachfilm-58--face-02.jpg,0.219765,0.333010,0.137170,0.090820,2048,3089,0.012458,child with guests
137,Film/rachelzachfilm-62.jpg,full,metadata/identity-review/unresolved-crops/137-film-rachelzachfilm-62--full.jpg,,,,,,,,child and guest visible
138,Film/rachelzachfilm-98.jpg,full,metadata/identity-review/unresolved-crops/138-film-rachelzachfilm-98--full.jpg,,,,,,,,bride with unidentified man
129,Sneak Peek/RachelZach-107.jpg,full,metadata/identity-review/unresolved-crops/129-sneak-peek-rachelzach-107--full.jpg,,,,,,,,guest portrait
139,Film/rachelzachfilm-99.jpg,full,metadata/identity-review/unresolved-crops/139-film-rachelzachfilm-99--full.jpg,,,,,,,,unidentified man portrait
140,Film/rachelzachfilm-102.jpg,full,metadata/identity-review/unresolved-crops/140-film-rachelzachfilm-102--full.jpg,,,,,,,,bride with unidentified man
141,Film/rachelzachfilm-103.jpg,full,metadata/identity-review/unresolved-crops/141-film-rachelzachfilm-103--full.jpg,,,,,,,,bride with unidentified man
143,Film/rachelzachfilm-105.jpg,01,metadata/identity-review/unresolved-crops/143-film-rachelzachfilm-105--face-01.jpg,0.283180,0.500975,0.064900,0.042970,2048,3089,0.002789,two guests visible
144,Film/rachelzachfilm-106.jpg,01,metadata/identity-review/unresolved-crops/144-film-rachelzachfilm-106--face-01.jpg,0.356410,0.441405,0.073640,0.048830,1821,2746,0.003596,two guests visible
145,Film/rachelzachfilm-107.jpg,01,metadata/identity-review/unresolved-crops/145-film-rachelzachfilm-107--face-01.jpg,0.743745,0.345705,0.063330,0.041990,1819,2743,0.002659,ceremony guests visible
142,Film/rachelzachfilm-104.jpg,full,metadata/identity-review/unresolved-crops/142-film-rachelzachfilm-104--full.jpg,,,,,,,,bride with unidentified man
144,Film/rachelzachfilm-106.jpg,02,metadata/identity-review/unresolved-crops/144-film-rachelzachfilm-106--face-02.jpg,0.502205,0.351560,0.075110,0.049800,1821,2746,0.003740,two guests visible
145,Film/rachelzachfilm-107.jpg,02,metadata/identity-review/unresolved-crops/145-film-rachelzachfilm-107--face-02.jpg,0.508105,0.388670,0.058910,0.039060,1819,2743,0.002301,ceremony guests visible
146,Film/rachelzachfilm-108.jpg,01,metadata/identity-review/unresolved-crops/146-film-rachelzachfilm-108--face-01.jpg,0.758115,0.285155,0.072270,0.047850,1809,2729,0.003458,guest hug visible
148,Film/rachelzachfilm-112.jpg,01,metadata/identity-review/unresolved-crops/148-film-rachelzachfilm-112--face-01.jpg,0.511800,0.555660,0.051620,0.034180,2048,3089,0.001764,guest group visible
149,Film/rachelzachfilm-113.jpg,01,metadata/identity-review/unresolved-crops/149-film-rachelzachfilm-113--face-01.jpg,0.631265,0.688470,0.044250,0.029300,2048,3089,0.001297,guest group visible
148,Film/rachelzachfilm-112.jpg,02,metadata/identity-review/unresolved-crops/148-film-rachelzachfilm-112--face-02.jpg,0.908555,0.560550,0.032450,0.021480,2048,3089,0.000697,guest group visible
149,Film/rachelzachfilm-113.jpg,02,metadata/identity-review/unresolved-crops/149-film-rachelzachfilm-113--face-02.jpg,0.494095,0.714845,0.038350,0.025390,2048,3089,0.000974,guest group visible
147,Film/rachelzachfilm-110.jpg,full,metadata/identity-review/unresolved-crops/147-film-rachelzachfilm-110--full.jpg,,,,,,,,guest conversation
150,Film/rachelzachfilm-114.jpg,01,metadata/identity-review/unresolved-crops/150-film-rachelzachfilm-114--face-01.jpg,0.353465,0.249025,0.107510,0.071290,1764,2660,0.007664,seated guests visible
151,Film/rachelzachfilm-131.jpg,01,metadata/identity-review/unresolved-crops/151-film-rachelzachfilm-131--face-01.jpg,0.035395,0.011720,0.067850,0.044920,2048,3089,0.003048,clear ceremony guests
131,Sneak Peek/RachelZach-115.jpg,full,metadata/identity-review/unresolved-crops/131-sneak-peek-rachelzach-115--full.jpg,,,,,,,,cheering guests
154,Film/rachelzachfilm-164.jpg,01,metadata/identity-review/unresolved-crops/154-film-rachelzachfilm-164--face-01.jpg,0.833335,0.473635,0.073750,0.048830,2011,3033,0.003601,visible ceremony guests
155,Film/rachelzachfilm-166.jpg,01,metadata/identity-review/unresolved-crops/155-film-rachelzachfilm-166--face-01.jpg,0.725660,0.656250,0.041300,0.027340,2048,3089,0.001129,cocktail guests visible
154,Film/rachelzachfilm-164.jpg,02,metadata/identity-review/unresolved-crops/154-film-rachelzachfilm-164--face-02.jpg,0.449855,0.607425,0.054570,0.036130,2011,3033,0.001972,visible ceremony guests
152,Film/rachelzachfilm-159.jpg,full,metadata/identity-review/unresolved-crops/152-film-rachelzachfilm-159--full.jpg,,,,,,,,seated guests visible
155,Film/rachelzachfilm-166.jpg,02,metadata/identity-review/unresolved-crops/155-film-rachelzachfilm-166--face-02.jpg,0.275815,0.643555,0.036870,0.024410,2048,3089,0.000900,cocktail guests visible
153,Film/rachelzachfilm-160.jpg,full,metadata/identity-review/unresolved-crops/153-film-rachelzachfilm-160--full.jpg,,,,,,,,seated guests visible
156,Film/rachelzachfilm-168.jpg,01,metadata/identity-review/unresolved-crops/156-film-rachelzachfilm-168--face-01.jpg,0.665195,0.725590,0.042770,0.028320,2048,3089,0.001211,cocktail guests visible
158,Film/rachelzachfilm-244.jpg,01,metadata/identity-review/unresolved-crops/158-film-rachelzachfilm-244--face-01.jpg,0.363285,0.289085,0.070310,0.106190,3089,2048,0.007466,reception guests visible
158,Film/rachelzachfilm-244.jpg,02,metadata/identity-review/unresolved-crops/158-film-rachelzachfilm-244--face-02.jpg,0.464845,0.361360,0.077150,0.116520,3089,2048,0.008990,reception guests visible
157,Film/rachelzachfilm-243.jpg,full,metadata/identity-review/unresolved-crops/157-film-rachelzachfilm-243--full.jpg,,,,,,,,clear seated guest
158,Film/rachelzachfilm-244.jpg,03,metadata/identity-review/unresolved-crops/158-film-rachelzachfilm-244--face-03.jpg,0.907225,0.433625,0.083010,0.125370,3089,2048,0.010407,reception guests visible
