path,action,people,notes,reviewer,updated_at
After Party/rachelzach-1118.jpg,ignore,,backs turned on dance floor,sheets-01-02,2026-06-29T00:40:26.308Z
After Party/rachelzach-1125.jpg,ignore,,mostly backs and crowd,sheets-01-02,2026-06-29T00:40:26.309Z
After Party/rachelzach-1139.jpg,ignore,,wide dance crowd,sheets-01-02,2026-06-29T00:40:26.309Z
After Party/rachelzach-1140.jpg,ignore,,occluded backs only,sheets-01-02,2026-06-29T00:40:26.309Z
After Party/rachelzach-1142.jpg,ignore,,venue exterior and doorway,sheets-01-02,2026-06-29T00:40:26.309Z
Ceremony Details/rachelzach-181.jpg,ignore,,empty ceremony details,sheets-03-05,2026-06-29T00:50:35.959Z
Ceremony Details/rachelzach-182.jpg,ignore,,empty ceremony details,sheets-03-05,2026-06-29T00:50:35.959Z
Ceremony Details/rachelzach-183.jpg,ignore,,empty ceremony details,sheets-03-05,2026-06-29T00:50:35.959Z
Ceremony Details/rachelzach-184.jpg,ignore,,floral ceremony detail,sheets-03-05,2026-06-29T00:50:35.959Z
Ceremony Details/rachelzach-185.jpg,ignore,,floral ceremony detail,sheets-03-05,2026-06-29T00:50:35.959Z
Ceremony Details/rachelzach-186.jpg,ignore,,empty ceremony seating,sheets-03-05,2026-06-29T00:50:35.959Z
Ceremony Details/rachelzach-187.jpg,ignore,,floral ceremony detail,sheets-03-05,2026-06-29T00:50:35.959Z
Ceremony Details/rachelzach-188.jpg,ignore,,empty ceremony seating,sheets-03-05,2026-06-29T00:50:35.959Z
Ceremony Details/rachelzach-189.jpg,ignore,,empty ceremony aisle,sheets-03-05,2026-06-29T00:50:35.959Z
Ceremony Details/rachelzach-190.jpg,ignore,,floral closeup,sheets-03-05,2026-06-29T00:50:35.959Z
Ceremony Details/rachelzach-191.jpg,ignore,,floral closeup,sheets-03-05,2026-06-29T00:50:35.959Z
Ceremony Details/rachelzach-192.jpg,ignore,,floral closeup,sheets-03-05,2026-06-29T00:50:35.959Z
Ceremony Details/rachelzach-193.jpg,ignore,,floral closeup,sheets-03-05,2026-06-29T00:50:35.959Z
Ceremony Details/rachelzach-194.jpg,ignore,,floral closeup,sheets-03-05,2026-06-29T00:50:35.959Z
Ceremony Details/rachelzach-197.jpg,ignore,,empty ceremony seating,sheets-03-05,2026-06-29T00:50:35.959Z
Ceremony Details/rachelzach-200.jpg,ignore,,empty ceremony seating,sheets-03-05,2026-06-29T00:50:35.959Z
Ceremony Details/rachelzach-201.jpg,ignore,,empty ceremony seating,sheets-03-05,2026-06-29T00:50:35.959Z
Ceremony Details/rachelzach-203.jpg,ignore,,venue cocktail detail,sheets-03-05,2026-06-29T00:50:35.959Z
Ceremony Details/rachelzach-204.jpg,ignore,,cocktail table detail,sheets-03-05,2026-06-29T00:50:35.959Z
Ceremony Details/rachelzach-206.jpg,ignore,,cocktail table detail,sheets-03-05,2026-06-29T00:50:35.959Z
Ceremony Details/rachelzach-207.jpg,ignore,,venue landscape,sheets-03-05,2026-06-29T00:50:35.959Z
Ceremony Details/rachelzach-208.jpg,ignore,,venue landscape,sheets-03-05,2026-06-29T00:50:35.959Z
Ceremony Details/rachelzach-210.jpg,ignore,,cocktail table detail,sheets-03-05,2026-06-29T00:50:35.959Z
Ceremony Details/rachelzach-215.jpg,ignore,,landscape no people,sheets-03-05,2026-06-29T00:50:35.959Z
Ceremony Details/rachelzach-222.jpg,ignore,,landscape no people,sheets-03-05,2026-06-29T00:50:35.959Z
Ceremony Details/rachelzach-223.jpg,ignore,,seating chart detail,sheets-03-05,2026-06-29T00:50:35.959Z
Ceremony Details/rachelzach-224.jpg,ignore,,cocktail table detail,sheets-03-05,2026-06-29T00:50:35.959Z
Ceremony/rachelzach-195.jpg,ignore,,cocktail detail,sheets-01-02,2026-06-29T00:40:26.309Z
Ceremony/rachelzach-196.jpg,ignore,,drink station detail,sheets-01-02,2026-06-29T00:40:26.309Z
Ceremony/rachelzach-198.jpg,ignore,,wide ceremony group,sheets-01-02,2026-06-29T00:40:26.309Z
Ceremony/rachelzach-202.jpg,ignore,,wide ceremony group,sheets-01-02,2026-06-29T00:40:26.309Z
Ceremony/rachelzach-211.jpg,ignore,,distant ceremony guests,sheets-01-02,2026-06-29T00:40:26.309Z
Ceremony/rachelzach-212.jpg,ignore,,distant ceremony scene,sheets-01-02,2026-06-29T00:40:26.309Z
Ceremony/rachelzach-216.jpg,ignore,,distant guests and scenery,sheets-01-02,2026-06-29T00:40:26.309Z
Ceremony/rachelzach-225.jpg,ignore,,backs and distant guests,sheets-01-02,2026-06-29T00:40:26.309Z
Ceremony/rachelzach-226.jpg,ignore,,backs and distant guests,sheets-01-02,2026-06-29T00:40:26.309Z
Ceremony/rachelzach-228.jpg,ignore,,wide guests mostly distant,sheets-01-02,2026-06-29T00:40:26.309Z
Ceremony/rachelzach-241.jpg,ignore,,back view scenic portrait,sheets-01-02,2026-06-29T00:40:26.309Z
Ceremony/rachelzach-247.jpg,ignore,,backs of seated guests,sheets-01-02,2026-06-29T00:40:26.309Z
Ceremony/rachelzach-248.jpg,ignore,,backs of seated guests,sheets-01-02,2026-06-29T00:40:26.309Z
Ceremony/rachelzach-257.jpg,ignore,,processional from behind,sheets-01-02,2026-06-29T00:40:26.309Z
Ceremony/rachelzach-298.jpg,replace,Rachel Casciano; Zach Soskin,bride and groom ceremony,sheets-01-02,2026-06-29T00:40:26.309Z
Ceremony/rachelzach-308.jpg,replace,Rachel Casciano; Zach Soskin,bride and groom ceremony,sheets-01-02,2026-06-29T00:40:26.309Z
Ceremony/rachelzach-309.jpg,replace,Rachel Casciano; Zach Soskin,bride and groom ceremony,sheets-01-02,2026-06-29T00:40:26.309Z
Ceremony/rachelzach-324.jpg,ignore,,coastline landscape,sheets-01-02,2026-06-29T00:40:26.309Z
Ceremony/rachelzach-326.jpg,ignore,,wide seated guests,sheets-01-02,2026-06-29T00:40:26.309Z
Ceremony/rachelzach-348.jpg,ignore,,cropped ceremony hands,sheets-03-05,2026-06-29T00:50:35.959Z
Ceremony/rachelzach-349.jpg,ignore,,bouquet and cropped guests,sheets-03-05,2026-06-29T00:50:35.959Z
Ceremony/rachelzach-353.jpg,ignore,,cropped guest no face,sheets-03-05,2026-06-29T00:50:35.959Z
Ceremony/rachelzach-371.jpg,replace,Rachel Casciano; Zach Soskin,wide ceremony couple,sheets-03-05,2026-06-29T00:50:35.959Z
Ceremony/rachelzach-389.jpg,replace,Rachel Casciano; Zach Soskin,bride and groom kiss,sheets-03-05,2026-06-29T00:50:35.959Z
Ceremony/rachelzach-390.jpg,replace,Rachel Casciano; Zach Soskin,bride and groom kiss,sheets-03-05,2026-06-29T00:50:35.959Z
Ceremony/rachelzach-392.jpg,replace,Rachel Casciano; Zach Soskin,bride and groom kiss,sheets-03-05,2026-06-29T00:50:35.959Z
Ceremony/rachelzach-393.jpg,replace,Rachel Casciano; Zach Soskin,bride and groom kiss,sheets-03-05,2026-06-29T00:50:35.959Z
Ceremony/rachelzach-394.jpg,replace,Rachel Casciano; Zach Soskin,bride and groom kiss,sheets-03-05,2026-06-29T00:50:35.959Z
Ceremony/rachelzach-412.jpg,replace,Rachel Casciano; Zach Soskin,bride and groom from behind,sheets-03-05,2026-06-29T00:50:35.959Z
Ceremony/rachelzach-413.jpg,replace,Rachel Casciano; Zach Soskin,bride and groom embrace,sheets-03-05,2026-06-29T00:50:35.959Z
Ceremony/rachelzach-415.jpg,replace,Rachel Casciano; Zach Soskin,bride and groom embrace,sheets-03-05,2026-06-29T00:50:35.959Z
Cocktail Hour/rachelzach-497.jpg,replace,Rachel Casciano; Zach Soskin,bride and groom portrait,sheets-03-05,2026-06-29T00:50:35.959Z
Cocktail Hour/rachelzach-498.jpg,replace,Rachel Casciano; Zach Soskin,bride and groom portrait,sheets-03-05,2026-06-29T00:50:35.959Z
Cocktail Hour/rachelzach-505.jpg,ignore,,seating chart and back,sheets-03-05,2026-06-29T00:50:35.959Z
Cocktail Hour/rachelzach-516.jpg,ignore,,food tray detail,sheets-03-05,2026-06-29T00:50:35.959Z
Cocktail Hour/rachelzach-555.jpg,ignore,,table detail no faces,sheets-03-05,2026-06-29T00:50:35.959Z
Cocktail Hour/rachelzach-559.jpg,replace,Rachel Casciano,Rachel cocktail profile,sheets-03-05,2026-06-29T00:50:35.959Z
Cocktail Hour/rachelzach-562.jpg,ignore,,closeup hands detail,sheets-03-05,2026-06-29T00:50:35.959Z
Cocktail Hour/rachelzach-563.jpg,ignore,,cropped clothing detail,sheets-03-05,2026-06-29T00:50:35.959Z
Cocktail Hour/rachelzach-571.jpg,ignore,,wide cocktail crowd,sheets-06-08,2026-06-29T00:50:35.960Z
Cocktail Hour/rachelzach-574.jpg,replace,Zach Soskin,groom at cocktail,sheets-06-08,2026-06-29T00:50:35.960Z
Cocktail Hour/rachelzach-581.jpg,ignore,,cropped outfit detail,sheets-06-08,2026-06-29T00:50:35.960Z
Cocktail Hour/rachelzach-588.jpg,ignore,,wide cocktail crowd,sheets-06-08,2026-06-29T00:50:35.960Z
Cocktail Hour/rachelzach-597.jpg,replace,Zach Soskin,groom from back,sheets-06-08,2026-06-29T00:50:35.960Z
Cocktail Hour/rachelzach-603.jpg,ignore,,menu detail,sheets-06-08,2026-06-29T00:50:35.960Z
Cocktail Hour/rachelzach-605.jpg,ignore,,wide scenic crowd,sheets-06-08,2026-06-29T00:50:35.960Z
Cocktail Hour/rachelzach-610.jpg,ignore,,wide cocktail scene,sheets-06-08,2026-06-29T00:50:35.960Z
Cocktail Hour/rachelzach-614.jpg,ignore,,wide scenic crowd,sheets-06-08,2026-06-29T00:50:35.960Z
Cocktail Hour/rachelzach-621.jpg,ignore,,wide cocktail crowd,sheets-06-08,2026-06-29T00:50:35.960Z
Cocktail Hour/rachelzach-636.jpg,ignore,,distant scenic guests,sheets-06-08,2026-06-29T00:50:35.960Z
Cocktail Hour/rachelzach-637.jpg,ignore,,backs of guests,sheets-06-08,2026-06-29T00:50:35.960Z
Cocktail Hour/rachelzach-640.jpg,ignore,,wide cocktail crowd,sheets-06-08,2026-06-29T00:50:35.960Z
Cocktail Hour/rachelzach-641.jpg,ignore,,wide cocktail crowd,sheets-06-08,2026-06-29T00:50:35.960Z
Cocktail Hour/rachelzach-643.jpg,ignore,,wide cocktail crowd,sheets-06-08,2026-06-29T00:50:35.960Z
Cocktail Hour/rachelzach-647.jpg,ignore,,wide cocktail crowd,sheets-06-08,2026-06-29T00:50:35.960Z
Cocktail Hour/rachelzach-650.jpg,ignore,,backs of guests,sheets-06-08,2026-06-29T00:50:35.960Z
Cocktail Hour/rachelzach-651.jpg,ignore,,distant venue crowd,sheets-06-08,2026-06-29T00:50:35.960Z
Cocktail Hour/rachelzach-652.jpg,ignore,,wide venue crowd,sheets-06-08,2026-06-29T00:50:35.960Z
Dancing/rachelzach-1008.jpg,ignore,,backs on dance floor,sheets-06-08,2026-06-29T00:50:35.960Z
Dancing/rachelzach-1009.jpg,ignore,,backs on dance floor,sheets-06-08,2026-06-29T00:50:35.960Z
Dancing/rachelzach-1017.jpg,ignore,,cropped feet detail,sheets-06-08,2026-06-29T00:50:35.960Z
Dancing/rachelzach-1022.jpg,ignore,,table detail,sheets-06-08,2026-06-29T00:50:35.960Z
Dancing/rachelzach-1023.jpg,ignore,,table detail,sheets-06-08,2026-06-29T00:50:35.960Z
Dancing/rachelzach-1065.jpg,ignore,,cropped dress detail,sheets-06-08,2026-06-29T00:50:35.960Z
Dancing/rachelzach-1066.jpg,ignore,,cropped dress detail,sheets-06-08,2026-06-29T00:50:35.960Z
Dancing/rachelzach-1067.jpg,ignore,,cropped dress detail,sheets-06-08,2026-06-29T00:50:35.960Z
Dancing/rachelzach-1068.jpg,ignore,,cropped dress detail,sheets-06-08,2026-06-29T00:50:35.960Z
Dancing/rachelzach-1070.jpg,ignore,,blurred dance crowd,sheets-06-08,2026-06-29T00:50:35.960Z
Dancing/rachelzach-1074.jpg,ignore,,venue exterior,sheets-06-08,2026-06-29T00:50:35.960Z
Dancing/rachelzach-1076.jpg,ignore,,venue exterior,sheets-06-08,2026-06-29T00:50:35.960Z
Dancing/rachelzach-1083.jpg,ignore,,dessert tray detail,sheets-06-08,2026-06-29T00:50:35.960Z
Dancing/rachelzach-976.jpg,ignore,,distant couple from behind,sheets-06-08,2026-06-29T00:50:35.960Z
Dancing/rachelzach-978.jpg,ignore,,wide tent crowd,sheets-06-08,2026-06-29T00:50:35.960Z
Dancing/rachelzach-979.jpg,ignore,,cropped drink detail,sheets-06-08,2026-06-29T00:50:35.960Z
Dancing/rachelzach-980.jpg,ignore,,venue exterior,sheets-06-08,2026-06-29T00:50:35.960Z
Dancing/rachelzach-981.jpg,ignore,,venue exterior,sheets-06-08,2026-06-29T00:50:35.960Z
Dancing/rachelzach-987.jpg,ignore,,backs on dance floor,sheets-06-08,2026-06-29T00:50:35.960Z
Dancing/rachelzach-988.jpg,ignore,,backs on dance floor,sheets-06-08,2026-06-29T00:50:35.960Z
Dancing/rachelzach-990.jpg,replace,Rachel Casciano; Zach Soskin,bride and groom in crowd,sheets-06-08,2026-06-29T00:50:35.960Z
Day 1/rachelzachday1-103.jpg,ignore,,cropped lower bodies,sheets-09-10,2026-06-29T00:40:26.309Z
Day 1/rachelzachday1-116.jpg,ignore,,food tray detail,sheets-09-10,2026-06-29T00:40:26.309Z
Day 1/rachelzachday1-124.jpg,ignore,,cropped lower bodies,sheets-09-10,2026-06-29T00:40:26.309Z
Day 1/rachelzachday1-127.jpg,ignore,,gift bag detail,sheets-09-10,2026-06-29T00:40:26.309Z
Day 1/rachelzachday1-146.jpg,ignore,,cropped partial guests,sheets-11-13,2026-06-29T00:50:35.961Z
Day 1/rachelzachday1-149.jpg,ignore,,table detail,sheets-11-13,2026-06-29T00:50:35.961Z
Day 1/rachelzachday1-154.jpg,ignore,,food detail,sheets-11-13,2026-06-29T00:50:35.961Z
Day 1/rachelzachday1-155.jpg,ignore,,buffet detail no faces,sheets-11-13,2026-06-29T00:50:35.961Z
Day 1/rachelzachday1-170.jpg,ignore,,sign detail partial guest,sheets-11-13,2026-06-29T00:50:35.961Z
Day 1/rachelzachday1-192.jpg,ignore,,floral detail,sheets-11-13,2026-06-29T00:50:35.961Z
Day 1/rachelzachday1-193.jpg,ignore,,guest back no face,sheets-11-13,2026-06-29T00:50:35.961Z
Day 1/rachelzachday1-196.jpg,ignore,,guest backs no faces,sheets-11-13,2026-06-29T00:50:35.961Z
Day 1/rachelzachday1-2.jpg,ignore,,floral detail,sheets-06-08,2026-06-29T00:50:35.960Z
Day 1/rachelzachday1-200.jpg,ignore,,blurred crowd backs,sheets-11-13,2026-06-29T00:50:35.961Z
Day 1/rachelzachday1-205.jpg,ignore,,floral detail,sheets-11-13,2026-06-29T00:50:35.961Z
Day 1/rachelzachday1-206.jpg,ignore,,floral detail,sheets-11-13,2026-06-29T00:50:35.961Z
Day 1/rachelzachday1-211.jpg,replace,Rachel Casciano; Zach Soskin,bride and groom by pool,sheets-11-13,2026-06-29T00:50:35.961Z
Day 1/rachelzachday1-216.jpg,ignore,,distant event scene,sheets-11-13,2026-06-29T00:50:35.961Z
Day 1/rachelzachday1-223.jpg,ignore,,coastal landscape,sheets-11-13,2026-06-29T00:50:35.961Z
Day 1/rachelzachday1-251.jpg,ignore,,floral detail,sheets-11-13,2026-06-29T00:50:35.961Z
Day 1/rachelzachday1-252.jpg,ignore,,coastal landscape,sheets-11-13,2026-06-29T00:50:35.961Z
Day 1/rachelzachday1-253.jpg,ignore,,coastal landscape,sheets-11-13,2026-06-29T00:50:35.961Z
Day 1/rachelzachday1-254.jpg,ignore,,coastal landscape,sheets-11-13,2026-06-29T00:50:35.961Z
Day 1/rachelzachday1-261.jpg,ignore,,coastal landscape,sheets-11-13,2026-06-29T00:50:35.961Z
Day 1/rachelzachday1-28.jpg,replace,Rachel Casciano; Zach Soskin,bride and groom portrait,sheets-09-10,2026-06-29T00:40:26.309Z
Day 1/rachelzachday1-3.jpg,ignore,,floral detail,sheets-09-10,2026-06-29T00:40:26.309Z
Day 1/rachelzachday1-304.jpg,replace,Rachel Casciano; Zach Soskin,bride and groom kiss,sheets-11-13,2026-06-29T00:50:35.961Z
Day 1/rachelzachday1-31.jpg,replace,Rachel Casciano; Zach Soskin,bride and groom portrait,sheets-09-10,2026-06-29T00:40:26.309Z
Day 1/rachelzachday1-35.jpg,replace,Rachel Casciano; Zach Soskin,bride and groom portrait,sheets-09-10,2026-06-29T00:40:26.309Z
Day 1/rachelzachday1-4.jpg,ignore,,floral detail,sheets-09-10,2026-06-29T00:40:26.309Z
Day 1/rachelzachday1-44.jpg,ignore,,cropped couple detail,sheets-09-10,2026-06-29T00:40:26.309Z
Day 1/rachelzachday1-46.jpg,replace,Rachel Casciano; Zach Soskin,bride and groom portrait,sheets-09-10,2026-06-29T00:40:26.309Z
Day 1/rachelzachday1-47.jpg,replace,Rachel Casciano; Zach Soskin,bride and groom from behind,sheets-09-10,2026-06-29T00:40:26.309Z
Day 1/rachelzachday1-5.jpg,ignore,,floral detail,sheets-09-10,2026-06-29T00:40:26.309Z
Day 1/rachelzachday1-56.jpg,ignore,,floral signage detail,sheets-09-10,2026-06-29T00:40:26.309Z
Day 1/rachelzachday1-57.jpg,ignore,,floral signage detail,sheets-09-10,2026-06-29T00:40:26.309Z
Day 1/rachelzachday1-58.jpg,ignore,,server detail no face,sheets-09-10,2026-06-29T00:40:26.309Z
Day 1/rachelzachday1-6.jpg,ignore,,landscape no people,sheets-09-10,2026-06-29T00:40:26.309Z
Day 1/rachelzachday1-63.jpg,ignore,,landscape no people,sheets-09-10,2026-06-29T00:40:26.309Z
Day 1/rachelzachday1-65.jpg,ignore,,cropped lower bodies,sheets-09-10,2026-06-29T00:40:26.309Z
Day 1/rachelzachday1-7.jpg,ignore,,venue exterior,sheets-09-10,2026-06-29T00:40:26.309Z
Day 1/rachelzachday1-78.jpg,ignore,,floral detail,sheets-09-10,2026-06-29T00:40:26.309Z
Day 1/rachelzachday1-8.jpg,ignore,,venue exterior,sheets-09-10,2026-06-29T00:40:26.309Z
Day 1/rachelzachday1-80.jpg,ignore,,floral detail,sheets-09-10,2026-06-29T00:40:26.309Z
Day 1/rachelzachday1-81.jpg,ignore,,drink tray detail,sheets-09-10,2026-06-29T00:40:26.309Z
Day 1/rachelzachday1-94.jpg,ignore,,food tray detail,sheets-09-10,2026-06-29T00:40:26.309Z
Day 1/rachelzachday1-97.jpg,ignore,,backs to camera,sheets-09-10,2026-06-29T00:40:26.309Z
Day 1/rachelzachday1.jpg,ignore,,empty lounge detail,sheets-11-13,2026-06-29T00:50:35.961Z
Film/rachelzachfilm-100.jpg,replace,Rachel Casciano,bridal portrait,sheets-11-13,2026-06-29T00:50:35.961Z
Film/rachelzachfilm-115.jpg,ignore,,floral detail,sheets-11-13,2026-06-29T00:50:35.961Z
Film/rachelzachfilm-117.jpg,ignore,,floral detail with backs,sheets-11-13,2026-06-29T00:50:35.961Z
Film/rachelzachfilm-125.jpg,replace,Rachel Casciano; Zach Soskin,distant ceremony couple,sheets-11-13,2026-06-29T00:50:35.961Z
Film/rachelzachfilm-126.jpg,replace,Rachel Casciano; Zach Soskin,distant ceremony couple,sheets-11-13,2026-06-29T00:50:35.961Z
Film/rachelzachfilm-127.jpg,replace,Rachel Casciano; Zach Soskin,bride and groom ceremony,sheets-14-17,2026-06-29T00:50:35.962Z
Film/rachelzachfilm-128.jpg,replace,Rachel Casciano; Zach Soskin,bride and groom ceremony,sheets-14-17,2026-06-29T00:50:35.962Z
Film/rachelzachfilm-135.jpg,ignore,,floral detail,sheets-14-17,2026-06-29T00:50:35.962Z
Film/rachelzachfilm-147.jpg,replace,Rachel Casciano,bride from side,sheets-14-17,2026-06-29T00:50:35.962Z
Film/rachelzachfilm-152.jpg,replace,Rachel Casciano; Zach Soskin,bride and groom ceremony,sheets-14-17,2026-06-29T00:50:35.962Z
Film/rachelzachfilm-155.jpg,replace,Rachel Casciano; Zach Soskin,couple portrait,sheets-14-17,2026-06-29T00:50:35.962Z
Film/rachelzachfilm-157.jpg,ignore,,distant guests,sheets-14-17,2026-06-29T00:50:35.962Z
Film/rachelzachfilm-161.jpg,ignore,,children mostly turned away,sheets-14-17,2026-06-29T00:50:35.962Z
Film/rachelzachfilm-165.jpg,ignore,,wide cocktail group,sheets-14-17,2026-06-29T00:50:35.962Z
Film/rachelzachfilm-17.jpg,replace,Rachel Casciano; Zach Soskin,bride and groom on stairs,sheets-11-13,2026-06-29T00:50:35.961Z
Film/rachelzachfilm-170.jpg,ignore,,backs and partial guests,sheets-14-17,2026-06-29T00:50:35.962Z
Film/rachelzachfilm-172.jpg,ignore,,guest back view,sheets-14-17,2026-06-29T00:50:35.962Z
Film/rachelzachfilm-173.jpg,ignore,,guest back view,sheets-14-17,2026-06-29T00:50:35.962Z
Film/rachelzachfilm-175.jpg,ignore,,wide guest group,sheets-14-17,2026-06-29T00:50:35.962Z
Film/rachelzachfilm-176.jpg,ignore,,backs only,sheets-14-17,2026-06-29T00:50:35.962Z
Film/rachelzachfilm-177.jpg,ignore,,back view,sheets-14-17,2026-06-29T00:50:35.962Z
Film/rachelzachfilm-178.jpg,ignore,,occluded legs,sheets-14-17,2026-06-29T00:50:35.962Z
Film/rachelzachfilm-180.jpg,ignore,,table floral detail,sheets-14-17,2026-06-29T00:50:35.962Z
Film/rachelzachfilm-181.jpg,ignore,,table floral detail,sheets-14-17,2026-06-29T00:50:35.962Z
Film/rachelzachfilm-182.jpg,ignore,,table floral detail,sheets-14-17,2026-06-29T00:50:35.962Z
Film/rachelzachfilm-183.jpg,ignore,,table floral detail,sheets-14-17,2026-06-29T00:50:35.962Z
Film/rachelzachfilm-184.jpg,ignore,,place setting detail,sheets-14-17,2026-06-29T00:50:35.962Z
Film/rachelzachfilm-185.jpg,ignore,,place setting detail,sheets-14-17,2026-06-29T00:50:35.962Z
Film/rachelzachfilm-186.jpg,ignore,,table floral detail,sheets-14-17,2026-06-29T00:50:35.962Z
Film/rachelzachfilm-187.jpg,ignore,,reception table detail,sheets-14-17,2026-06-29T00:50:35.962Z
Film/rachelzachfilm-188.jpg,ignore,,empty reception setup,sheets-14-17,2026-06-29T00:50:35.962Z
Film/rachelzachfilm-189.jpg,ignore,,empty reception setup,sheets-14-17,2026-06-29T00:50:35.962Z
Film/rachelzachfilm-190.jpg,ignore,,pattern detail,sheets-14-17,2026-06-29T00:50:35.962Z
Film/rachelzachfilm-191.jpg,ignore,,table floral detail,sheets-14-17,2026-06-29T00:50:35.962Z
Film/rachelzachfilm-192.jpg,ignore,,empty reception setup,sheets-14-17,2026-06-29T00:50:35.962Z
Film/rachelzachfilm-193.jpg,ignore,,empty reception setup,sheets-14-17,2026-06-29T00:50:35.962Z
Film/rachelzachfilm-194.jpg,ignore,,table floral detail,sheets-14-17,2026-06-29T00:50:35.962Z
Film/rachelzachfilm-195.jpg,ignore,,lantern detail,sheets-14-17,2026-06-29T00:50:35.962Z
Film/rachelzachfilm-197.jpg,replace,Rachel Casciano; Zach Soskin,first dance couple,sheets-14-17,2026-06-29T00:50:35.962Z
Film/rachelzachfilm-198.jpg,replace,Rachel Casciano; Zach Soskin,first dance couple,sheets-14-17,2026-06-29T00:50:35.962Z
Film/rachelzachfilm-2.jpg,replace,Rachel Casciano; Zach Soskin,bride and groom portrait,sheets-11-13,2026-06-29T00:50:35.961Z
Film/rachelzachfilm-201.jpg,replace,Rachel Casciano; Zach Soskin,couple from behind,sheets-14-17,2026-06-29T00:50:35.962Z
Film/rachelzachfilm-203.jpg,replace,Rachel Casciano; Zach Soskin,first dance couple,sheets-14-17,2026-06-29T00:50:35.962Z
Film/rachelzachfilm-207.jpg,replace,Rachel Casciano; Zach Soskin,first dance couple,sheets-14-17,2026-06-29T00:50:35.962Z
Film/rachelzachfilm-210.jpg,replace,Rachel Casciano; Zach Soskin,first dance couple,sheets-14-17,2026-06-29T00:50:35.962Z
Film/rachelzachfilm-212.jpg,replace,Rachel Casciano; Zach Soskin,couple dancing,sheets-14-17,2026-06-29T00:50:35.962Z
Film/rachelzachfilm-213.jpg,replace,Rachel Casciano; Zach Soskin,couple dancing,sheets-14-17,2026-06-29T00:50:35.962Z
Film/rachelzachfilm-216.jpg,ignore,,landscape tree,sheets-14-17,2026-06-29T00:50:35.962Z
Film/rachelzachfilm-217.jpg,ignore,,wide reception guests,sheets-14-17,2026-06-29T00:50:35.962Z
Film/rachelzachfilm-219.jpg,ignore,,food table detail,sheets-14-17,2026-06-29T00:50:35.962Z
Film/rachelzachfilm-220.jpg,replace,Rachel Casciano; Zach Soskin,couple portrait,sheets-14-17,2026-06-29T00:50:35.962Z
Film/rachelzachfilm-222.jpg,replace,Rachel Casciano; Zach Soskin,couple portrait,sheets-14-17,2026-06-29T00:50:35.962Z
Film/rachelzachfilm-223.jpg,replace,Rachel Casciano; Zach Soskin,couple portrait,sheets-14-17,2026-06-29T00:50:35.962Z
Film/rachelzachfilm-224.jpg,replace,Rachel Casciano; Zach Soskin,couple from behind,sheets-14-17,2026-06-29T00:50:35.962Z
Film/rachelzachfilm-226.jpg,replace,Rachel Casciano; Zach Soskin,couple portrait,sheets-14-17,2026-06-29T00:50:35.962Z
Film/rachelzachfilm-228.jpg,replace,Rachel Casciano; Zach Soskin,couple portrait,sheets-14-17,2026-06-29T00:50:35.962Z
Film/rachelzachfilm-229.jpg,ignore,,landscape tree,sheets-14-17,2026-06-29T00:50:35.962Z
Film/rachelzachfilm-23.jpg,replace,Rachel Casciano; Zach Soskin,bride and groom from behind,sheets-11-13,2026-06-29T00:50:35.961Z
Film/rachelzachfilm-245.jpg,ignore,,cropped seated detail,sheets-14-17,2026-06-29T00:50:35.962Z
Film/rachelzachfilm-31.jpg,replace,Rachel Casciano; Zach Soskin,bride and groom from behind,sheets-11-13,2026-06-29T00:50:35.961Z
Film/rachelzachfilm-32.jpg,replace,Rachel Casciano; Zach Soskin,bride and groom from behind,sheets-11-13,2026-06-29T00:50:35.961Z
Film/rachelzachfilm-33.jpg,replace,Rachel Casciano; Zach Soskin,bride and groom from behind,sheets-11-13,2026-06-29T00:50:35.961Z
Film/rachelzachfilm-34.jpg,replace,Rachel Casciano; Zach Soskin,bride and groom from behind,sheets-11-13,2026-06-29T00:50:35.961Z
Film/rachelzachfilm-35.jpg,replace,Rachel Casciano; Zach Soskin,bride and groom from behind,sheets-11-13,2026-06-29T00:50:35.961Z
Film/rachelzachfilm-36.jpg,ignore,,serving detail no face,sheets-11-13,2026-06-29T00:50:35.961Z
Film/rachelzachfilm-39.jpg,ignore,,serving detail no face,sheets-11-13,2026-06-29T00:50:35.961Z
Film/rachelzachfilm-4.jpg,replace,Rachel Casciano; Zach Soskin,bride and groom portrait,sheets-11-13,2026-06-29T00:50:35.961Z
Film/rachelzachfilm-41.jpg,ignore,,floral detail,sheets-11-13,2026-06-29T00:50:35.961Z
Film/rachelzachfilm-68.jpg,replace,Rachel Casciano; Zach Soskin,bride and groom by pool,sheets-11-13,2026-06-29T00:50:35.961Z
Film/rachelzachfilm-71.jpg,replace,Rachel Casciano,bridal portrait crop,sheets-11-13,2026-06-29T00:50:35.961Z
Film/rachelzachfilm-9.jpg,replace,Rachel Casciano; Zach Soskin,bride and groom portrait,sheets-11-13,2026-06-29T00:50:35.961Z
Film/rachelzachfilm-96.jpg,replace,Rachel Casciano; Zach Soskin,bride and groom kiss,sheets-11-13,2026-06-29T00:50:35.961Z
Film/rachelzachfilm.jpg,replace,Rachel Casciano; Zach Soskin,couple portrait,sheets-14-17,2026-06-29T00:50:35.962Z
Friends & Family/rachelzach-490.jpg,replace,Rachel Casciano; Zach Soskin,couple embrace,sheets-14-17,2026-06-29T00:50:35.962Z
Getting Ready/rachelzach-11.jpg,ignore,,dress detail,sheets-14-17,2026-06-29T00:50:35.962Z
Getting Ready/rachelzach-12.jpg,ignore,,dress detail,sheets-14-17,2026-06-29T00:50:35.962Z
Getting Ready/rachelzach-13.jpg,ignore,,dress detail,sheets-14-17,2026-06-29T00:50:35.962Z
Getting Ready/rachelzach-18.jpg,ignore,,shoe detail,sheets-14-17,2026-06-29T00:50:35.962Z
Getting Ready/rachelzach-2.jpg,ignore,,venue landscape,sheets-14-17,2026-06-29T00:50:35.962Z
Getting Ready/rachelzach-21.jpg,replace,Rachel Casciano,bride from back,sheets-14-17,2026-06-29T00:50:35.962Z
Getting Ready/rachelzach-3.jpg,ignore,,wall art,sheets-14-17,2026-06-29T00:50:35.962Z
Getting Ready/rachelzach-33.jpg,ignore,,bridal dress detail,sheets-14-17,2026-06-29T00:50:35.962Z
Getting Ready/rachelzach.jpg,ignore,,invitation detail,sheets-14-17,2026-06-29T00:50:35.962Z
Reception Details/rachelzach-509.jpg,ignore,,empty venue,sheets-18-25,2026-06-29T00:40:26.310Z
Reception Details/rachelzach-510.jpg,ignore,,empty venue,sheets-18-25,2026-06-29T00:40:26.310Z
Reception Details/rachelzach-511.jpg,ignore,,empty venue,sheets-18-25,2026-06-29T00:40:26.310Z
Reception Details/rachelzach-512.jpg,ignore,,empty venue,sheets-18-25,2026-06-29T00:40:26.310Z
Reception Details/rachelzach-513.jpg,ignore,,empty venue,sheets-18-25,2026-06-29T00:40:26.310Z
Reception Details/rachelzach-514.jpg,ignore,,empty venue,sheets-18-25,2026-06-29T00:40:26.310Z
Reception Details/rachelzach-517.jpg,ignore,,floor detail,sheets-18-25,2026-06-29T00:40:26.310Z
Reception Details/rachelzach-518.jpg,ignore,,table detail,sheets-18-25,2026-06-29T00:40:26.310Z
Reception Details/rachelzach-519.jpg,ignore,,table detail,sheets-18-25,2026-06-29T00:40:26.310Z
Reception Details/rachelzach-520.jpg,ignore,,table detail,sheets-18-25,2026-06-29T00:40:26.310Z
Reception Details/rachelzach-521.jpg,ignore,,table detail,sheets-18-25,2026-06-29T00:40:26.310Z
Reception Details/rachelzach-522.jpg,ignore,,table detail,sheets-18-25,2026-06-29T00:40:26.310Z
Reception Details/rachelzach-523.jpg,ignore,,table detail,sheets-18-25,2026-06-29T00:40:26.310Z
Reception Details/rachelzach-524.jpg,ignore,,table detail,sheets-18-25,2026-06-29T00:40:26.310Z
Reception Details/rachelzach-525.jpg,ignore,,drink detail,sheets-18-25,2026-06-29T00:40:26.310Z
Reception Details/rachelzach-528.jpg,ignore,,table detail,sheets-18-25,2026-06-29T00:40:26.310Z
Reception Details/rachelzach-529.jpg,ignore,,table detail,sheets-18-25,2026-06-29T00:40:26.310Z
Reception Details/rachelzach-530.jpg,ignore,,table detail,sheets-18-25,2026-06-29T00:40:26.310Z
Reception Details/rachelzach-531.jpg,ignore,,table detail,sheets-18-25,2026-06-29T00:40:26.310Z
Reception Details/rachelzach-532.jpg,ignore,,table detail,sheets-18-25,2026-06-29T00:40:26.310Z
Reception Details/rachelzach-534.jpg,ignore,,table detail,sheets-18-25,2026-06-29T00:40:26.310Z
Reception Details/rachelzach-535.jpg,ignore,,table detail,sheets-18-25,2026-06-29T00:40:26.310Z
Reception Details/rachelzach-536.jpg,ignore,,table detail,sheets-18-25,2026-06-29T00:40:26.310Z
Reception Details/rachelzach-537.jpg,ignore,,table detail,sheets-18-25,2026-06-29T00:40:26.310Z
Reception Details/rachelzach-538.jpg,ignore,,floral detail,sheets-18-25,2026-06-29T00:40:26.310Z
Reception Details/rachelzach-539.jpg,ignore,,floral detail,sheets-18-25,2026-06-29T00:40:26.310Z
Reception Details/rachelzach-540.jpg,ignore,,floral detail,sheets-18-25,2026-06-29T00:40:26.310Z
Reception Details/rachelzach-541.jpg,ignore,,floral detail,sheets-18-25,2026-06-29T00:40:26.310Z
Reception Details/rachelzach-542.jpg,ignore,,lighting detail,sheets-18-25,2026-06-29T00:40:26.310Z
Reception Details/rachelzach-543.jpg,ignore,,lighting detail,sheets-18-25,2026-06-29T00:40:26.310Z
Reception Details/rachelzach-544.jpg,ignore,,lighting detail,sheets-18-25,2026-06-29T00:40:26.310Z
Reception Details/rachelzach-545.jpg,ignore,,floral detail,sheets-18-25,2026-06-29T00:40:26.310Z
Reception Details/rachelzach-546.jpg,ignore,,floral detail,sheets-18-25,2026-06-29T00:40:26.310Z
Reception Details/rachelzach-547.jpg,ignore,,table detail,sheets-18-25,2026-06-29T00:40:26.310Z
Reception Details/rachelzach-548.jpg,ignore,,table detail,sheets-18-25,2026-06-29T00:40:26.310Z
Reception Details/rachelzach-629.jpg,ignore,,bar detail,sheets-18-25,2026-06-29T00:40:26.310Z
Reception Details/rachelzach-630.jpg,ignore,,bar detail,sheets-18-25,2026-06-29T00:40:26.310Z
Reception Details/rachelzach-631.jpg,ignore,,floral detail,sheets-18-25,2026-06-29T00:40:26.310Z
Reception Details/rachelzach-653.jpg,ignore,,lighting detail,sheets-18-25,2026-06-29T00:40:26.310Z
Reception/rachelzach-657.jpg,replace,Rachel Casciano; Zach Soskin,couple entrance,sheets-14-17,2026-06-29T00:50:35.962Z
Reception/rachelzach-658.jpg,replace,Rachel Casciano; Zach Soskin,couple from behind,sheets-14-17,2026-06-29T00:50:35.962Z
Reception/rachelzach-661.jpg,replace,Rachel Casciano; Zach Soskin,couple from behind,sheets-14-17,2026-06-29T00:50:35.962Z
Reception/rachelzach-665.jpg,replace,Rachel Casciano; Zach Soskin,couple from behind,sheets-14-17,2026-06-29T00:50:35.962Z
Reception/rachelzach-666.jpg,replace,Rachel Casciano; Zach Soskin,couple dancing,sheets-14-17,2026-06-29T00:50:35.962Z
Reception/rachelzach-668.jpg,replace,Rachel Casciano; Zach Soskin,couple dancing,sheets-14-17,2026-06-29T00:50:35.962Z
Reception/rachelzach-674.jpg,replace,Rachel Casciano; Zach Soskin,couple dancing,sheets-14-17,2026-06-29T00:50:35.962Z
Reception/rachelzach-676.jpg,replace,Rachel Casciano,bride dancing,sheets-14-17,2026-06-29T00:50:35.962Z
Reception/rachelzach-677.jpg,replace,Rachel Casciano,bride in dance crowd,sheets-14-17,2026-06-29T00:50:35.962Z
Reception/rachelzach-706.jpg,replace,Zach Soskin,groom dancing,sheets-14-17,2026-06-29T00:50:35.962Z
Reception/rachelzach-708.jpg,ignore,,wide dance crowd,sheets-14-17,2026-06-29T00:50:35.962Z
Reception/rachelzach-736.jpg,replace,Rachel Casciano; Zach Soskin,couple kiss,sheets-14-17,2026-06-29T00:50:35.962Z
Reception/rachelzach-738.jpg,ignore,,landscape,sheets-18-19,2026-06-29T00:40:26.310Z
Reception/rachelzach-740.jpg,ignore,,wide crowd,sheets-18-19,2026-06-29T00:40:26.310Z
Reception/rachelzach-744.jpg,replace,Rachel;Zach,couple at reception,sheets-18-19,2026-06-29T00:40:26.310Z
Reception/rachelzach-745.jpg,replace,Rachel,bride from back,sheets-18-19,2026-06-29T00:40:26.310Z
Reception/rachelzach-747.jpg,ignore,,backs only,sheets-18-19,2026-06-29T00:40:26.310Z
Reception/rachelzach-748.jpg,replace,Zach,groom with guest turned away,sheets-18-19,2026-06-29T00:40:26.310Z
Reception/rachelzach-750.jpg,ignore,,wide crowd,sheets-18-19,2026-06-29T00:40:26.310Z
Reception/rachelzach-751.jpg,ignore,,wide crowd,sheets-18-19,2026-06-29T00:40:26.310Z
Reception/rachelzach-753.jpg,ignore,,food detail,sheets-18-19,2026-06-29T00:40:26.310Z
Reception/rachelzach-756.jpg,ignore,,wide crowd,sheets-18-19,2026-06-29T00:40:26.310Z
Reception/rachelzach-757.jpg,ignore,,landscape,sheets-18-19,2026-06-29T00:40:26.310Z
Reception/rachelzach-758.jpg,ignore,,drink detail,sheets-18-19,2026-06-29T00:40:26.310Z
Reception/rachelzach-813.jpg,ignore,,distant people,sheets-18-19,2026-06-29T00:40:26.310Z
Reception/rachelzach-814.jpg,ignore,,distant people,sheets-18-19,2026-06-29T00:40:26.310Z
Reception/rachelzach-815.jpg,ignore,,table detail,sheets-18-19,2026-06-29T00:40:26.310Z
Reception/rachelzach-817.jpg,ignore,,landscape,sheets-18-19,2026-06-29T00:40:26.310Z
Reception/rachelzach-818.jpg,ignore,,landscape,sheets-18-19,2026-06-29T00:40:26.310Z
Reception/rachelzach-827.jpg,ignore,,table detail,sheets-18-19,2026-06-29T00:40:26.310Z
Reception/rachelzach-833.jpg,ignore,,floral detail,sheets-18-19,2026-06-29T00:40:26.310Z
Reception/rachelzach-837.jpg,ignore,,foreground detail,sheets-18-19,2026-06-29T00:40:26.310Z
Reception/rachelzach-852.jpg,ignore,,floral detail,sheets-18-19,2026-06-29T00:40:26.310Z
Reception/rachelzach-862.jpg,replace,Rachel;Zach,couple from behind,sheets-18-19,2026-06-29T00:40:26.310Z
Reception/rachelzach-863.jpg,replace,Rachel;Zach,couple from behind,sheets-18-19,2026-06-29T00:40:26.310Z
Reception/rachelzach-865.jpg,ignore,,hands detail,sheets-18-19,2026-06-29T00:40:26.310Z
Reception/rachelzach-866.jpg,ignore,,hands detail,sheets-18-19,2026-06-29T00:40:26.310Z
Reception/rachelzach-871.jpg,ignore,,silhouettes,sheets-18-19,2026-06-29T00:40:26.310Z
Reception/rachelzach-872.jpg,ignore,,dark crowd,sheets-18-19,2026-06-29T00:40:26.310Z
Reception/rachelzach-873.jpg,ignore,,table detail,sheets-18-19,2026-06-29T00:40:26.310Z
Reception/rachelzach-875.jpg,ignore,,sunset landscape,sheets-18-19,2026-06-29T00:40:26.310Z
Reception/rachelzach-876.jpg,ignore,,sunset landscape,sheets-18-19,2026-06-29T00:40:26.310Z
Reception/rachelzach-877.jpg,ignore,,landscape,sheets-18-19,2026-06-29T00:40:26.310Z
Reception/rachelzach-884.jpg,ignore,,dark wide crowd,sheets-18-19,2026-06-29T00:40:26.310Z
Reception/rachelzach-892.jpg,ignore,,dark wide crowd,sheets-18-19,2026-06-29T00:40:26.310Z
Reception/rachelzach-893.jpg,replace,Rachel;Zach,couple at table,sheets-18-19,2026-06-29T00:40:26.310Z
Reception/rachelzach-894.jpg,ignore,,dark wide crowd,sheets-18-19,2026-06-29T00:40:26.310Z
Reception/rachelzach-895.jpg,ignore,,faces obscured,sheets-18-19,2026-06-29T00:40:26.310Z
Reception/rachelzach-919.jpg,replace,Rachel;Zach,couple embrace,sheets-18-19,2026-06-29T00:40:26.310Z
Reception/rachelzach-920.jpg,replace,Rachel;Zach,couple from behind,sheets-18-19,2026-06-29T00:40:26.310Z
Reception/rachelzach-926.jpg,replace,Rachel,bride from back,sheets-18-19,2026-06-29T00:40:26.310Z
Sneak Peek/1. RachelZach-10.jpg,ignore,,floral detail,sheets-18-25,2026-06-29T00:40:26.310Z
Sneak Peek/1. RachelZach-11.jpg,ignore,,cropped server,sheets-18-25,2026-06-29T00:40:26.310Z
Sneak Peek/1. RachelZach-21.jpg,ignore,,faces cropped,sheets-18-25,2026-06-29T00:40:26.310Z
Sneak Peek/1. RachelZach-27.jpg,ignore,,display detail,sheets-18-25,2026-06-29T00:40:26.310Z
Sneak Peek/1. RachelZach-32.jpg,ignore,,face obscured,sheets-18-25,2026-06-29T00:40:26.310Z
Sneak Peek/1. RachelZach-33.jpg,ignore,,faces cropped,sheets-18-25,2026-06-29T00:40:26.310Z
Sneak Peek/1. RachelZach-36.jpg,ignore,,floral detail,sheets-18-25,2026-06-29T00:40:26.310Z
Sneak Peek/1. RachelZach-37.jpg,ignore,,distant rooftop,sheets-18-25,2026-06-29T00:40:26.310Z
Sneak Peek/1. RachelZach-38.jpg,ignore,,seascape,sheets-18-25,2026-06-29T00:40:26.310Z
Sneak Peek/1. RachelZach-47.jpg,ignore,,seascape,sheets-18-25,2026-06-29T00:40:26.310Z
Sneak Peek/1. RachelZach-5.jpg,replace,Rachel;Zach,couple portrait,sheets-18-25,2026-06-29T00:40:26.310Z
Sneak Peek/1. RachelZach.jpg,ignore,,floral detail,sheets-18-25,2026-06-29T00:40:26.310Z
Sneak Peek/RachelZach-100.jpg,ignore,,lighting detail,sheets-18-25,2026-06-29T00:40:26.310Z
Sneak Peek/RachelZach-101.jpg,ignore,,floral detail,sheets-18-25,2026-06-29T00:40:26.310Z
Sneak Peek/RachelZach-104.jpg,ignore,,faces cropped,sheets-18-25,2026-06-29T00:40:26.310Z
Sneak Peek/RachelZach-113.jpg,replace,Rachel,bride from back,sheets-18-25,2026-06-29T00:40:26.310Z
Sneak Peek/RachelZach-128.jpg,ignore,,food detail,sheets-18-25,2026-06-29T00:40:26.310Z
Sneak Peek/RachelZach-131.jpg,replace,Rachel;Zach,couple from behind,sheets-18-25,2026-06-29T00:40:26.310Z
Sneak Peek/RachelZach-135.jpg,replace,Rachel;Zach,couple portrait,sheets-18-25,2026-06-29T00:40:26.310Z
Sneak Peek/RachelZach-139.jpg,replace,Rachel;Zach,couple portrait,sheets-18-25,2026-06-29T00:40:26.310Z
Sneak Peek/RachelZach-140.jpg,replace,Rachel,bride from back,sheets-18-25,2026-06-29T00:40:26.310Z
Sneak Peek/RachelZach-145.jpg,replace,Rachel;Zach,couple from behind,sheets-18-25,2026-06-29T00:40:26.310Z
Sneak Peek/RachelZach-146.jpg,ignore,,hands detail,sheets-18-25,2026-06-29T00:40:26.310Z
Sneak Peek/RachelZach-148.jpg,ignore,,sunset landscape,sheets-18-25,2026-06-29T00:40:26.310Z
Sneak Peek/RachelZach-155.jpg,ignore,,face cropped,sheets-18-25,2026-06-29T00:40:26.310Z
Sneak Peek/RachelZach-21.jpg,replace,Rachel;Zach,couple portrait,sheets-18-25,2026-06-29T00:40:26.310Z
Sneak Peek/RachelZach-28.jpg,replace,Rachel;Zach,couple detail,sheets-18-25,2026-06-29T00:40:26.310Z
Sneak Peek/RachelZach-29.jpg,replace,Rachel;Zach,couple portrait,sheets-18-25,2026-06-29T00:40:26.310Z
Sneak Peek/RachelZach-36.jpg,replace,Rachel,bridal portrait crop,sheets-18-25,2026-06-29T00:40:26.310Z
Sneak Peek/RachelZach-43.jpg,ignore,,empty ceremony,sheets-18-25,2026-06-29T00:40:26.310Z
Sneak Peek/RachelZach-44.jpg,ignore,,ceremony detail,sheets-18-25,2026-06-29T00:40:26.310Z
Sneak Peek/RachelZach-45.jpg,ignore,,ceremony detail,sheets-18-25,2026-06-29T00:40:26.310Z
Sneak Peek/RachelZach-46.jpg,ignore,,floral detail,sheets-18-25,2026-06-29T00:40:26.310Z
Sneak Peek/RachelZach-47.jpg,ignore,,empty ceremony,sheets-18-25,2026-06-29T00:40:26.310Z
Sneak Peek/RachelZach-48.jpg,ignore,,distant group,sheets-18-25,2026-06-29T00:40:26.310Z
Sneak Peek/RachelZach-49.jpg,ignore,,landscape,sheets-18-25,2026-06-29T00:40:26.310Z
Sneak Peek/RachelZach-50.jpg,ignore,,distant group,sheets-18-25,2026-06-29T00:40:26.310Z
Sneak Peek/RachelZach-51.jpg,ignore,,landscape,sheets-18-25,2026-06-29T00:40:26.310Z
Sneak Peek/RachelZach-52.jpg,ignore,,backs from distance,sheets-18-25,2026-06-29T00:40:26.310Z
Sneak Peek/RachelZach-54.jpg,ignore,,backs only,sheets-18-25,2026-06-29T00:40:26.310Z
Sneak Peek/RachelZach-56.jpg,ignore,,backs from distance,sheets-18-25,2026-06-29T00:40:26.310Z
Sneak Peek/RachelZach-59.jpg,replace,Rachel;Zach,couple embrace,sheets-18-25,2026-06-29T00:40:26.310Z
Sneak Peek/RachelZach-62.jpg,replace,Rachel;Zach,ceremony couple,sheets-18-25,2026-06-29T00:40:26.310Z
Sneak Peek/RachelZach-69.jpg,replace,Rachel;Zach,couple portrait,sheets-18-25,2026-06-29T00:40:26.310Z
Sneak Peek/RachelZach-8.jpg,replace,Rachel,bridal portrait crop,sheets-18-25,2026-06-29T00:40:26.310Z
Sneak Peek/RachelZach-87.jpg,replace,Rachel;Zach,couple embrace,sheets-18-25,2026-06-29T00:40:26.310Z
Sneak Peek/RachelZach-89.jpg,replace,Rachel;Zach,couple portrait,sheets-18-25,2026-06-29T00:40:26.310Z
Sneak Peek/RachelZach-92.jpg,ignore,,empty venue,sheets-18-25,2026-06-29T00:40:26.310Z
Sneak Peek/RachelZach-93.jpg,ignore,,empty venue,sheets-18-25,2026-06-29T00:40:26.310Z
Sneak Peek/RachelZach-94.jpg,ignore,,empty venue,sheets-18-25,2026-06-29T00:40:26.310Z
Sneak Peek/RachelZach-95.jpg,ignore,,table detail,sheets-18-25,2026-06-29T00:40:26.310Z
Sneak Peek/RachelZach-96.jpg,ignore,,table detail,sheets-18-25,2026-06-29T00:40:26.310Z
Sneak Peek/RachelZach-97.jpg,ignore,,drink detail,sheets-18-25,2026-06-29T00:40:26.310Z
Sneak Peek/RachelZach-99.jpg,ignore,,floral detail,sheets-18-25,2026-06-29T00:40:26.310Z
Sneak Peek/RachelZach.jpg,ignore,,invitation detail,sheets-18-25,2026-06-29T00:40:26.310Z
Sunset/rachelzach-759.jpg,replace,Rachel;Zach,couple at sunset,sheets-18-25,2026-06-29T00:40:26.310Z
Sunset/rachelzach-762.jpg,replace,Rachel;Zach,couple from behind,sheets-18-25,2026-06-29T00:40:26.310Z
Sunset/rachelzach-763.jpg,replace,Rachel;Zach,couple from behind,sheets-18-25,2026-06-29T00:40:26.310Z
Sunset/rachelzach-764.jpg,replace,Rachel;Zach,couple from behind,sheets-18-25,2026-06-29T00:40:26.310Z
Sunset/rachelzach-771.jpg,replace,Rachel;Zach,couple from behind,sheets-18-25,2026-06-29T00:40:26.310Z
Sunset/rachelzach-773.jpg,replace,Rachel;Zach,couple portrait,sheets-18-25,2026-06-29T00:40:26.310Z
Sunset/rachelzach-775.jpg,replace,Rachel;Zach,couple portrait,sheets-18-25,2026-06-29T00:40:26.310Z
Sunset/rachelzach-776.jpg,replace,Rachel;Zach,couple portrait,sheets-18-25,2026-06-29T00:40:26.310Z
Sunset/rachelzach-777.jpg,replace,Rachel;Zach,couple portrait,sheets-18-25,2026-06-29T00:40:26.310Z
Sunset/rachelzach-778.jpg,replace,Rachel;Zach,couple portrait,sheets-18-25,2026-06-29T00:40:26.310Z
Sunset/rachelzach-789.jpg,replace,Rachel;Zach,couple from behind,sheets-18-25,2026-06-29T00:40:26.310Z
Sunset/rachelzach-797.jpg,replace,Rachel;Zach,couple portrait,sheets-18-25,2026-06-29T00:40:26.310Z
Sunset/rachelzach-798.jpg,replace,Rachel;Zach,couple portrait,sheets-18-25,2026-06-29T00:40:26.310Z
Sunset/rachelzach-799.jpg,replace,Rachel;Zach,couple detail,sheets-18-25,2026-06-29T00:40:26.310Z
Sunset/rachelzach-800.jpg,replace,Rachel;Zach,couple from behind,sheets-18-25,2026-06-29T00:40:26.310Z
Sunset/rachelzach-801.jpg,replace,Rachel;Zach,couple from behind,sheets-18-25,2026-06-29T00:40:26.310Z
Sunset/rachelzach-803.jpg,replace,Rachel;Zach,couple portrait,sheets-18-25,2026-06-29T00:40:26.310Z
Sunset/rachelzach-804.jpg,replace,Rachel;Zach,couple portrait,sheets-18-25,2026-06-29T00:40:26.310Z
Sunset/rachelzach-811.jpg,replace,Rachel;Zach,couple from behind,sheets-18-25,2026-06-29T00:40:26.310Z
Sunset/rachelzach-812.jpg,replace,Rachel,bride from back,sheets-18-25,2026-06-29T00:40:26.310Z
