person,photo_count
Zach Soskin,547
Rachel Casciano,543
Maddie Slomovitz,97
Patti,95
Robbie,90
Phil C,75
Chad Slomovitz,72
Keagen,66
Jorie,64
Kelsey Meyers,61
Melanie Casciano,61
Parker,59
Dan Casciano,58
Kayla,57
Tim J,56
Trelawny,55
Stephanie Soskin,47
Sally,45
J Til,44
Jake Lurie,44
Jeffry Lurie,42
Lauren Bond,37
Kaitlin Burns,35
Spencer Soltman,35
Tara,31
Bryant,28
Riley,28
Charlie Weisman,26
Nate O,25
Ronald Harris,25
Maddie Channess,23
Adam Stillman,21
Meg,20
Nick Pugs,18
Sean Morse,18
Debi,17
Lauren Lurie,17
Phil Quist,17
Adam Brown,15
Cogan,15
Siri,15
Taylor Noyer,15
Frankie B,14
Nancy Lurie,14
Steve M,14
Dubov,13
Adam Lynn,12
Gisel,12
SCOTT L,12
Adi,11
Chris N,11
Erik,11
Todd Lurie,11
Alex Muecke,10
Aly Gilboa,10
Bob P,10
Daniel Shin,10
Matt,10
Pasha,10
Pat Burton,10
David Benrud,9
Nate waldron,9
Kelsey Nuelle,8
ASHLEY,7
Brendan,7
Chris,7
Dave Gilboa,7
Rush,7
Sam Ankin,7
Carter,6
David Post,6
Dee Burton,6
Greg,6
Marty,6
Morgan,6
Norris,6
Rob A,6
Abe Burton,5
BECKY,5
Erin,5
HECKLIN,5
JUELS,5
Lars,5
Maura,5
Tav,5
Ty Damon,5
Allan C,4
Beth,4
Ellie Soskin,4
Harris,4
Jacquie,4
Janice,4
Mohr,4
Natalie,4
Rylie,4
SANDRA,4
David Burton,3
J Mohr,3
Jamie,3
Jason Howarth,3
Joan Soskin,3
Jody Post,3
Leah M,3
Lindsey Miller,3
Scotty P,3
Tyler,3
Elizabeth Licon,2
Emily Stillman,2
Ivan Licon,2
Jeremy Burton Burton,2
Jules,2
LAURA WEISMAN,2
Leeann,2
Lisa Caplan,2
Phil Becker,2
Rick Soskin,2
Rod,2
Sam Soskin,2
Taylor Becker,2
Tim Meyers,2
Alyssa Scott,1
Amanda,1
Nick Adam,1
pa,1
Richie,1
TODD LEONARD,1
