path,event,filename,reason,agent_status,notes
Day 1/rachelzachday1-53.jpg,Day 1,rachelzachday1-53.jpg,missing_people_metadata,needs_identity,guest candid
Day 1/rachelzachday1-59.jpg,Day 1,rachelzachday1-59.jpg,missing_people_metadata,needs_identity,guests visible
Day 1/rachelzachday1-71.jpg,Day 1,rachelzachday1-71.jpg,missing_people_metadata,needs_identity,bride with unidentified guest
Day 1/rachelzachday1-82.jpg,Day 1,rachelzachday1-82.jpg,missing_people_metadata,needs_identity,guest crowd
Day 1/rachelzachday1-85.jpg,Day 1,rachelzachday1-85.jpg,missing_people_metadata,needs_identity,guest portrait
Day 1/rachelzachday1-86.jpg,Day 1,rachelzachday1-86.jpg,missing_people_metadata,needs_identity,guest couple portrait
Day 1/rachelzachday1-91.jpg,Day 1,rachelzachday1-91.jpg,missing_people_metadata,needs_identity,guest candid
Day 1/rachelzachday1-92.jpg,Day 1,rachelzachday1-92.jpg,missing_people_metadata,needs_identity,guest profile
Day 1/rachelzachday1-98.jpg,Day 1,rachelzachday1-98.jpg,missing_people_metadata,needs_identity,guest portrait
Day 1/rachelzachday1-99.jpg,Day 1,rachelzachday1-99.jpg,missing_people_metadata,needs_identity,two guests visible
Day 1/rachelzachday1-100.jpg,Day 1,rachelzachday1-100.jpg,missing_people_metadata,needs_identity,guest couple portrait
Day 1/rachelzachday1-105.jpg,Day 1,rachelzachday1-105.jpg,missing_people_metadata,needs_identity,guests visible
Day 1/rachelzachday1-113.jpg,Day 1,rachelzachday1-113.jpg,missing_people_metadata,needs_identity,guest conversation
Day 1/rachelzachday1-119.jpg,Day 1,rachelzachday1-119.jpg,missing_people_metadata,needs_identity,guest portrait
Day 1/rachelzachday1-120.jpg,Day 1,rachelzachday1-120.jpg,missing_people_metadata,needs_identity,guest crowd
Day 1/rachelzachday1-128.jpg,Day 1,rachelzachday1-128.jpg,missing_people_metadata,needs_identity,guest conversation
Day 1/rachelzachday1-131.jpg,Day 1,rachelzachday1-131.jpg,missing_people_metadata,needs_identity,guest portrait
Day 1/rachelzachday1-132.jpg,Day 1,rachelzachday1-132.jpg,missing_people_metadata,needs_identity,guest couple visible
Day 1/rachelzachday1-151.jpg,Day 1,rachelzachday1-151.jpg,missing_people_metadata,needs_identity,clear unknown guest
Day 1/rachelzachday1-156.jpg,Day 1,rachelzachday1-156.jpg,missing_people_metadata,needs_identity,unknown guest candid
Day 1/rachelzachday1-164.jpg,Day 1,rachelzachday1-164.jpg,missing_people_metadata,needs_identity,unknown guests visible
Day 1/rachelzachday1-173.jpg,Day 1,rachelzachday1-173.jpg,missing_people_metadata,needs_identity,child guest profile
Day 1/rachelzachday1-199.jpg,Day 1,rachelzachday1-199.jpg,missing_people_metadata,needs_identity,guest group visible
Getting Ready/rachelzach-7.jpg,Getting Ready,rachelzach-7.jpg,missing_people_metadata,needs_identity,get ready guests
Getting Ready/rachelzach-58.jpg,Getting Ready,rachelzach-58.jpg,missing_people_metadata,needs_identity,groom with guest
Ceremony/rachelzach-199.jpg,Ceremony,rachelzach-199.jpg,missing_people_metadata,needs_identity,ceremony guests visible
Ceremony/rachelzach-209.jpg,Ceremony,rachelzach-209.jpg,missing_people_metadata,needs_identity,clear photographer guest
Ceremony/rachelzach-213.jpg,Ceremony,rachelzach-213.jpg,missing_people_metadata,needs_identity,clear ceremony guests
Ceremony/rachelzach-217.jpg,Ceremony,rachelzach-217.jpg,missing_people_metadata,needs_identity,clear ceremony guests
Ceremony/rachelzach-227.jpg,Ceremony,rachelzach-227.jpg,missing_people_metadata,needs_identity,ceremony guests visible
Ceremony/rachelzach-229.jpg,Ceremony,rachelzach-229.jpg,missing_people_metadata,needs_identity,group of ceremony guests
Ceremony/rachelzach-232.jpg,Ceremony,rachelzach-232.jpg,missing_people_metadata,needs_identity,visible ceremony guest
Ceremony/rachelzach-234.jpg,Ceremony,rachelzach-234.jpg,missing_people_metadata,needs_identity,group of ceremony guests
Ceremony/rachelzach-239.jpg,Ceremony,rachelzach-239.jpg,missing_people_metadata,needs_identity,visible cocktail guests
Ceremony/rachelzach-246.jpg,Ceremony,rachelzach-246.jpg,missing_people_metadata,needs_identity,seated ceremony guests
Ceremony/rachelzach-250.jpg,Ceremony,rachelzach-250.jpg,missing_people_metadata,needs_identity,clear seated guest
Ceremony/rachelzach-262.jpg,Ceremony,rachelzach-262.jpg,missing_people_metadata,needs_identity,hug with obscured faces
Ceremony/rachelzach-266.jpg,Ceremony,rachelzach-266.jpg,missing_people_metadata,needs_identity,ceremony hug visible
Ceremony/rachelzach-267.jpg,Ceremony,rachelzach-267.jpg,missing_people_metadata,needs_identity,ceremony hug visible
Ceremony/rachelzach-273.jpg,Ceremony,rachelzach-273.jpg,missing_people_metadata,needs_identity,hug mostly obscured
Ceremony/rachelzach-286.jpg,Ceremony,rachelzach-286.jpg,missing_people_metadata,needs_identity,clear child portrait
Ceremony/rachelzach-292.jpg,Ceremony,rachelzach-292.jpg,missing_people_metadata,needs_identity,distant ceremony subjects
Ceremony/rachelzach-328.jpg,Ceremony,rachelzach-328.jpg,missing_people_metadata,needs_identity,seated ceremony guests
Ceremony/rachelzach-334.jpg,Ceremony,rachelzach-334.jpg,missing_people_metadata,needs_identity,clear ceremony guest
Ceremony/rachelzach-341.jpg,Ceremony,rachelzach-341.jpg,missing_people_metadata,needs_identity,Rachel with officiant visible
Ceremony/rachelzach-347.jpg,Ceremony,rachelzach-347.jpg,missing_people_metadata,needs_identity,Rachel with clear officiant
Ceremony/rachelzach-352.jpg,Ceremony,rachelzach-352.jpg,missing_people_metadata,needs_identity,clear seated guests
Ceremony/rachelzach-360.jpg,Ceremony,rachelzach-360.jpg,missing_people_metadata,needs_identity,clear seated guests
Ceremony/rachelzach-361.jpg,Ceremony,rachelzach-361.jpg,missing_people_metadata,needs_identity,clear seated guests
Ceremony/rachelzach-370.jpg,Ceremony,rachelzach-370.jpg,missing_people_metadata,needs_identity,wide seated guests visible
Ceremony/rachelzach-384.jpg,Ceremony,rachelzach-384.jpg,missing_people_metadata,needs_identity,seated guest profiles
Ceremony/rachelzach-385.jpg,Ceremony,rachelzach-385.jpg,missing_people_metadata,needs_identity,bride groom and officiant
Ceremony/rachelzach-417.jpg,Ceremony,rachelzach-417.jpg,missing_people_metadata,needs_identity,clear recessional guests
Ceremony/rachelzach-420.jpg,Ceremony,rachelzach-420.jpg,missing_people_metadata,needs_identity,clear ceremony guests
Friends & Family/rachelzach-465.jpg,Friends & Family,rachelzach-465.jpg,missing_people_metadata,needs_identity,wedding party lineup
Friends & Family/rachelzach-466.jpg,Friends & Family,rachelzach-466.jpg,missing_people_metadata,needs_identity,wedding party lineup
Cocktail Hour/rachelzach-456.jpg,Cocktail Hour,rachelzach-456.jpg,missing_people_metadata,needs_identity,clear cocktail guests
Cocktail Hour/rachelzach-457.jpg,Cocktail Hour,rachelzach-457.jpg,missing_people_metadata,needs_identity,clear cocktail guests
Cocktail Hour/rachelzach-506.jpg,Cocktail Hour,rachelzach-506.jpg,missing_people_metadata,needs_identity,clear cocktail guests
Cocktail Hour/rachelzach-507.jpg,Cocktail Hour,rachelzach-507.jpg,missing_people_metadata,needs_identity,cocktail guests visible
Cocktail Hour/rachelzach-515.jpg,Cocktail Hour,rachelzach-515.jpg,missing_people_metadata,needs_identity,clear cocktail guests
Cocktail Hour/rachelzach-527.jpg,Cocktail Hour,rachelzach-527.jpg,missing_people_metadata,needs_identity,clear cocktail guest
Cocktail Hour/rachelzach-533.jpg,Cocktail Hour,rachelzach-533.jpg,missing_people_metadata,needs_identity,cocktail guests visible
Cocktail Hour/rachelzach-550.jpg,Cocktail Hour,rachelzach-550.jpg,missing_people_metadata,needs_identity,clear cocktail guests
Cocktail Hour/rachelzach-553.jpg,Cocktail Hour,rachelzach-553.jpg,missing_people_metadata,needs_identity,cocktail guests visible
Cocktail Hour/rachelzach-557.jpg,Cocktail Hour,rachelzach-557.jpg,missing_people_metadata,needs_identity,clear cocktail guests
Cocktail Hour/rachelzach-560.jpg,Cocktail Hour,rachelzach-560.jpg,missing_people_metadata,needs_identity,clear cocktail guest
Cocktail Hour/rachelzach-561.jpg,Cocktail Hour,rachelzach-561.jpg,missing_people_metadata,needs_identity,wide cocktail guests
Cocktail Hour/rachelzach-569.jpg,Cocktail Hour,rachelzach-569.jpg,missing_people_metadata,needs_identity,clear cocktail guest
Cocktail Hour/rachelzach-572.jpg,Cocktail Hour,rachelzach-572.jpg,missing_people_metadata,needs_identity,guest portrait
Cocktail Hour/rachelzach-577.jpg,Cocktail Hour,rachelzach-577.jpg,missing_people_metadata,needs_identity,guest portrait
Cocktail Hour/rachelzach-585.jpg,Cocktail Hour,rachelzach-585.jpg,missing_people_metadata,needs_identity,guest conversation
Cocktail Hour/rachelzach-590.jpg,Cocktail Hour,rachelzach-590.jpg,missing_people_metadata,needs_identity,guest portrait
Cocktail Hour/rachelzach-592.jpg,Cocktail Hour,rachelzach-592.jpg,missing_people_metadata,needs_identity,guest portrait
Cocktail Hour/rachelzach-601.jpg,Cocktail Hour,rachelzach-601.jpg,missing_people_metadata,needs_identity,guests visible
Cocktail Hour/rachelzach-606.jpg,Cocktail Hour,rachelzach-606.jpg,missing_people_metadata,needs_identity,guest portrait
Cocktail Hour/rachelzach-611.jpg,Cocktail Hour,rachelzach-611.jpg,missing_people_metadata,needs_identity,child portrait
Cocktail Hour/rachelzach-616.jpg,Cocktail Hour,rachelzach-616.jpg,missing_people_metadata,needs_identity,distant guest pair
Cocktail Hour/rachelzach-620.jpg,Cocktail Hour,rachelzach-620.jpg,missing_people_metadata,needs_identity,guest conversation
Cocktail Hour/rachelzach-642.jpg,Cocktail Hour,rachelzach-642.jpg,missing_people_metadata,needs_identity,guests with parasol
Cocktail Hour/rachelzach-645.jpg,Cocktail Hour,rachelzach-645.jpg,missing_people_metadata,needs_identity,guest with children
Cocktail Hour/rachelzach-646.jpg,Cocktail Hour,rachelzach-646.jpg,missing_people_metadata,needs_identity,cocktail guests visible
Reception/rachelzach-672.jpg,Reception,rachelzach-672.jpg,missing_people_metadata,needs_identity,dancing guests
Reception/rachelzach-673.jpg,Reception,rachelzach-673.jpg,missing_people_metadata,needs_identity,dancing guests
Reception/rachelzach-688.jpg,Reception,rachelzach-688.jpg,missing_people_metadata,needs_identity,guest couple dancing
Reception/rachelzach-696.jpg,Reception,rachelzach-696.jpg,missing_people_metadata,needs_identity,dancing guests
Reception/rachelzach-718.jpg,Reception,rachelzach-718.jpg,missing_people_metadata,needs_identity,dancing guests
Reception/rachelzach-735.jpg,Reception,rachelzach-735.jpg,missing_people_metadata,needs_identity,groom hugging guest
Reception/rachelzach-840.jpg,Reception,rachelzach-840.jpg,missing_people_metadata,needs_identity,couple with guest nearby
Reception/rachelzach-846.jpg,Reception,rachelzach-846.jpg,missing_people_metadata,needs_identity,guests at table
Reception/rachelzach-864.jpg,Reception,rachelzach-864.jpg,missing_people_metadata,needs_identity,guests at table
Reception/rachelzach-870.jpg,Reception,rachelzach-870.jpg,missing_people_metadata,needs_identity,guest portrait
Reception/rachelzach-874.jpg,Reception,rachelzach-874.jpg,missing_people_metadata,needs_identity,child with groom
Reception/rachelzach-878.jpg,Reception,rachelzach-878.jpg,missing_people_metadata,needs_identity,standing guests
Reception/rachelzach-887.jpg,Reception,rachelzach-887.jpg,missing_people_metadata,needs_identity,guest portrait
Reception/rachelzach-898.jpg,Reception,rachelzach-898.jpg,missing_people_metadata,needs_identity,guest hugging couple
Reception/rachelzach-922.jpg,Reception,rachelzach-922.jpg,missing_people_metadata,needs_identity,guest hugging groom
Reception/rachelzach-929.jpg,Reception,rachelzach-929.jpg,missing_people_metadata,needs_identity,guest portrait
Dancing/rachelzach-937.jpg,Dancing,rachelzach-937.jpg,missing_people_metadata,needs_identity,child and guest dancing
Dancing/rachelzach-941.jpg,Dancing,rachelzach-941.jpg,missing_people_metadata,needs_identity,guest couple dancing
Dancing/rachelzach-964.jpg,Dancing,rachelzach-964.jpg,missing_people_metadata,needs_identity,bride with unidentified guest
Dancing/rachelzach-965.jpg,Dancing,rachelzach-965.jpg,missing_people_metadata,needs_identity,musician portrait
Dancing/rachelzach-977.jpg,Dancing,rachelzach-977.jpg,missing_people_metadata,needs_identity,guest pair portrait
Dancing/rachelzach-992.jpg,Dancing,rachelzach-992.jpg,missing_people_metadata,needs_identity,guest couple dancing
Dancing/rachelzach-994.jpg,Dancing,rachelzach-994.jpg,missing_people_metadata,needs_identity,guest dancing
Dancing/rachelzach-1004.jpg,Dancing,rachelzach-1004.jpg,missing_people_metadata,needs_identity,guest dancing
Dancing/rachelzach-1005.jpg,Dancing,rachelzach-1005.jpg,missing_people_metadata,needs_identity,dance guests visible
Dancing/rachelzach-1007.jpg,Dancing,rachelzach-1007.jpg,missing_people_metadata,needs_identity,guest dancing
Dancing/rachelzach-1032.jpg,Dancing,rachelzach-1032.jpg,missing_people_metadata,needs_identity,dance crowd visible
Dancing/rachelzach-1033.jpg,Dancing,rachelzach-1033.jpg,missing_people_metadata,needs_identity,dance crowd visible
Dancing/rachelzach-1048.jpg,Dancing,rachelzach-1048.jpg,missing_people_metadata,needs_identity,child and guest seated
Dancing/rachelzach-1049.jpg,Dancing,rachelzach-1049.jpg,missing_people_metadata,needs_identity,child portrait
Dancing/rachelzach-1062.jpg,Dancing,rachelzach-1062.jpg,missing_people_metadata,needs_identity,dance guests visible
Dancing/rachelzach-1063.jpg,Dancing,rachelzach-1063.jpg,missing_people_metadata,needs_identity,guest dancing
Dancing/rachelzach-1064.jpg,Dancing,rachelzach-1064.jpg,missing_people_metadata,needs_identity,guest seated pair
Dancing/rachelzach-1090.jpg,Dancing,rachelzach-1090.jpg,missing_people_metadata,needs_identity,guest couple dancing
After Party/rachelzach-1106.jpg,After Party,rachelzach-1106.jpg,missing_people_metadata,needs_identity,partial after party faces
After Party/rachelzach-1113.jpg,After Party,rachelzach-1113.jpg,missing_people_metadata,needs_identity,clear after party guests
After Party/rachelzach-1122.jpg,After Party,rachelzach-1122.jpg,missing_people_metadata,needs_identity,clear DJ portrait
After Party/rachelzach-1129.jpg,After Party,rachelzach-1129.jpg,missing_people_metadata,needs_identity,visible dancing guests
After Party/rachelzach-1130.jpg,After Party,rachelzach-1130.jpg,missing_people_metadata,needs_identity,visible after party guests
After Party/rachelzach-1145.jpg,After Party,rachelzach-1145.jpg,missing_people_metadata,needs_identity,clear after party guest
Sneak Peek/1. RachelZach-13.jpg,Sneak Peek,1. RachelZach-13.jpg,missing_people_metadata,needs_identity,guest profile
Sneak Peek/1. RachelZach-29.jpg,Sneak Peek,1. RachelZach-29.jpg,missing_people_metadata,needs_identity,child guest
Sneak Peek/1. RachelZach-58.jpg,Sneak Peek,1. RachelZach-58.jpg,missing_people_metadata,needs_identity,couple with guests
Sneak Peek/RachelZach-85.jpg,Sneak Peek,RachelZach-85.jpg,missing_people_metadata,needs_identity,wedding party lineup
Sneak Peek/RachelZach-91.jpg,Sneak Peek,RachelZach-91.jpg,missing_people_metadata,needs_identity,guest group
Sneak Peek/RachelZach-98.jpg,Sneak Peek,RachelZach-98.jpg,missing_people_metadata,needs_identity,guest group
Sneak Peek/RachelZach-107.jpg,Sneak Peek,RachelZach-107.jpg,missing_people_metadata,needs_identity,guest portrait
Sneak Peek/RachelZach-108.jpg,Sneak Peek,RachelZach-108.jpg,missing_people_metadata,needs_identity,guest portrait
Sneak Peek/RachelZach-115.jpg,Sneak Peek,RachelZach-115.jpg,missing_people_metadata,needs_identity,cheering guests
Film/rachelzachfilm-44.jpg,Film,rachelzachfilm-44.jpg,missing_people_metadata,needs_identity,guests visible
Film/rachelzachfilm-45.jpg,Film,rachelzachfilm-45.jpg,missing_people_metadata,needs_identity,two guests visible
Film/rachelzachfilm-57.jpg,Film,rachelzachfilm-57.jpg,missing_people_metadata,needs_identity,child and guest visible
Film/rachelzachfilm-58.jpg,Film,rachelzachfilm-58.jpg,missing_people_metadata,needs_identity,child with guests
Film/rachelzachfilm-60.jpg,Film,rachelzachfilm-60.jpg,missing_people_metadata,needs_identity,child with guests
Film/rachelzachfilm-62.jpg,Film,rachelzachfilm-62.jpg,missing_people_metadata,needs_identity,child and guest visible
Film/rachelzachfilm-98.jpg,Film,rachelzachfilm-98.jpg,missing_people_metadata,needs_identity,bride with unidentified man
Film/rachelzachfilm-99.jpg,Film,rachelzachfilm-99.jpg,missing_people_metadata,needs_identity,unidentified man portrait
Film/rachelzachfilm-102.jpg,Film,rachelzachfilm-102.jpg,missing_people_metadata,needs_identity,bride with unidentified man
Film/rachelzachfilm-103.jpg,Film,rachelzachfilm-103.jpg,missing_people_metadata,needs_identity,bride with unidentified man
Film/rachelzachfilm-104.jpg,Film,rachelzachfilm-104.jpg,missing_people_metadata,needs_identity,bride with unidentified man
Film/rachelzachfilm-105.jpg,Film,rachelzachfilm-105.jpg,missing_people_metadata,needs_identity,two guests visible
Film/rachelzachfilm-106.jpg,Film,rachelzachfilm-106.jpg,missing_people_metadata,needs_identity,two guests visible
Film/rachelzachfilm-107.jpg,Film,rachelzachfilm-107.jpg,missing_people_metadata,needs_identity,ceremony guests visible
Film/rachelzachfilm-108.jpg,Film,rachelzachfilm-108.jpg,missing_people_metadata,needs_identity,guest hug visible
Film/rachelzachfilm-110.jpg,Film,rachelzachfilm-110.jpg,missing_people_metadata,needs_identity,guest conversation
Film/rachelzachfilm-112.jpg,Film,rachelzachfilm-112.jpg,missing_people_metadata,needs_identity,guest group visible
Film/rachelzachfilm-113.jpg,Film,rachelzachfilm-113.jpg,missing_people_metadata,needs_identity,guest group visible
Film/rachelzachfilm-114.jpg,Film,rachelzachfilm-114.jpg,missing_people_metadata,needs_identity,seated guests visible
Film/rachelzachfilm-131.jpg,Film,rachelzachfilm-131.jpg,missing_people_metadata,needs_identity,clear ceremony guests
Film/rachelzachfilm-159.jpg,Film,rachelzachfilm-159.jpg,missing_people_metadata,needs_identity,seated guests visible
Film/rachelzachfilm-160.jpg,Film,rachelzachfilm-160.jpg,missing_people_metadata,needs_identity,seated guests visible
Film/rachelzachfilm-164.jpg,Film,rachelzachfilm-164.jpg,missing_people_metadata,needs_identity,visible ceremony guests
Film/rachelzachfilm-166.jpg,Film,rachelzachfilm-166.jpg,missing_people_metadata,needs_identity,cocktail guests visible
Film/rachelzachfilm-168.jpg,Film,rachelzachfilm-168.jpg,missing_people_metadata,needs_identity,cocktail guests visible
Film/rachelzachfilm-243.jpg,Film,rachelzachfilm-243.jpg,missing_people_metadata,needs_identity,clear seated guest
Film/rachelzachfilm-244.jpg,Film,rachelzachfilm-244.jpg,missing_people_metadata,needs_identity,reception guests visible
