path,event,filename,suggested_action,people,notes
After Party/rachelzach-1106.jpg,After Party,rachelzach-1106.jpg,,,
After Party/rachelzach-1113.jpg,After Party,rachelzach-1113.jpg,,,
After Party/rachelzach-1118.jpg,After Party,rachelzach-1118.jpg,,,
After Party/rachelzach-1122.jpg,After Party,rachelzach-1122.jpg,,,
After Party/rachelzach-1125.jpg,After Party,rachelzach-1125.jpg,,,
After Party/rachelzach-1129.jpg,After Party,rachelzach-1129.jpg,,,
After Party/rachelzach-1130.jpg,After Party,rachelzach-1130.jpg,,,
After Party/rachelzach-1139.jpg,After Party,rachelzach-1139.jpg,,,
After Party/rachelzach-1140.jpg,After Party,rachelzach-1140.jpg,,,
After Party/rachelzach-1142.jpg,After Party,rachelzach-1142.jpg,,,
After Party/rachelzach-1145.jpg,After Party,rachelzach-1145.jpg,,,
Ceremony/rachelzach-195.jpg,Ceremony,rachelzach-195.jpg,,,
Ceremony/rachelzach-196.jpg,Ceremony,rachelzach-196.jpg,,,
Ceremony/rachelzach-198.jpg,Ceremony,rachelzach-198.jpg,,,
Ceremony/rachelzach-199.jpg,Ceremony,rachelzach-199.jpg,,,
Ceremony/rachelzach-202.jpg,Ceremony,rachelzach-202.jpg,,,
Ceremony/rachelzach-209.jpg,Ceremony,rachelzach-209.jpg,,,
Ceremony/rachelzach-211.jpg,Ceremony,rachelzach-211.jpg,,,
Ceremony/rachelzach-212.jpg,Ceremony,rachelzach-212.jpg,,,
Ceremony/rachelzach-213.jpg,Ceremony,rachelzach-213.jpg,,,
Ceremony/rachelzach-216.jpg,Ceremony,rachelzach-216.jpg,,,
Ceremony/rachelzach-217.jpg,Ceremony,rachelzach-217.jpg,,,
Ceremony/rachelzach-225.jpg,Ceremony,rachelzach-225.jpg,,,
Ceremony/rachelzach-226.jpg,Ceremony,rachelzach-226.jpg,,,
Ceremony/rachelzach-227.jpg,Ceremony,rachelzach-227.jpg,,,
Ceremony/rachelzach-228.jpg,Ceremony,rachelzach-228.jpg,,,
Ceremony/rachelzach-229.jpg,Ceremony,rachelzach-229.jpg,,,
Ceremony/rachelzach-232.jpg,Ceremony,rachelzach-232.jpg,,,
Ceremony/rachelzach-234.jpg,Ceremony,rachelzach-234.jpg,,,
Ceremony/rachelzach-239.jpg,Ceremony,rachelzach-239.jpg,,,
Ceremony/rachelzach-241.jpg,Ceremony,rachelzach-241.jpg,,,
Ceremony/rachelzach-246.jpg,Ceremony,rachelzach-246.jpg,,,
Ceremony/rachelzach-247.jpg,Ceremony,rachelzach-247.jpg,,,
Ceremony/rachelzach-248.jpg,Ceremony,rachelzach-248.jpg,,,
Ceremony/rachelzach-250.jpg,Ceremony,rachelzach-250.jpg,,,
Ceremony/rachelzach-257.jpg,Ceremony,rachelzach-257.jpg,,,
Ceremony/rachelzach-262.jpg,Ceremony,rachelzach-262.jpg,,,
Ceremony/rachelzach-266.jpg,Ceremony,rachelzach-266.jpg,,,
Ceremony/rachelzach-267.jpg,Ceremony,rachelzach-267.jpg,,,
Ceremony/rachelzach-273.jpg,Ceremony,rachelzach-273.jpg,,,
Ceremony/rachelzach-286.jpg,Ceremony,rachelzach-286.jpg,,,
Ceremony/rachelzach-292.jpg,Ceremony,rachelzach-292.jpg,,,
Ceremony/rachelzach-298.jpg,Ceremony,rachelzach-298.jpg,,,
Ceremony/rachelzach-308.jpg,Ceremony,rachelzach-308.jpg,,,
Ceremony/rachelzach-309.jpg,Ceremony,rachelzach-309.jpg,,,
Ceremony/rachelzach-324.jpg,Ceremony,rachelzach-324.jpg,,,
Ceremony/rachelzach-326.jpg,Ceremony,rachelzach-326.jpg,,,
Ceremony/rachelzach-328.jpg,Ceremony,rachelzach-328.jpg,,,
Ceremony/rachelzach-334.jpg,Ceremony,rachelzach-334.jpg,,,
Ceremony/rachelzach-341.jpg,Ceremony,rachelzach-341.jpg,,,
Ceremony/rachelzach-347.jpg,Ceremony,rachelzach-347.jpg,,,
Ceremony/rachelzach-348.jpg,Ceremony,rachelzach-348.jpg,,,
Ceremony/rachelzach-349.jpg,Ceremony,rachelzach-349.jpg,,,
Ceremony/rachelzach-352.jpg,Ceremony,rachelzach-352.jpg,,,
Ceremony/rachelzach-353.jpg,Ceremony,rachelzach-353.jpg,,,
Ceremony/rachelzach-360.jpg,Ceremony,rachelzach-360.jpg,,,
Ceremony/rachelzach-361.jpg,Ceremony,rachelzach-361.jpg,,,
Ceremony/rachelzach-370.jpg,Ceremony,rachelzach-370.jpg,,,
Ceremony/rachelzach-371.jpg,Ceremony,rachelzach-371.jpg,,,
Ceremony/rachelzach-384.jpg,Ceremony,rachelzach-384.jpg,,,
Ceremony/rachelzach-385.jpg,Ceremony,rachelzach-385.jpg,,,
Ceremony/rachelzach-389.jpg,Ceremony,rachelzach-389.jpg,,,
Ceremony/rachelzach-390.jpg,Ceremony,rachelzach-390.jpg,,,
Ceremony/rachelzach-392.jpg,Ceremony,rachelzach-392.jpg,,,
Ceremony/rachelzach-393.jpg,Ceremony,rachelzach-393.jpg,,,
Ceremony/rachelzach-394.jpg,Ceremony,rachelzach-394.jpg,,,
Ceremony/rachelzach-412.jpg,Ceremony,rachelzach-412.jpg,,,
Ceremony/rachelzach-413.jpg,Ceremony,rachelzach-413.jpg,,,
Ceremony/rachelzach-415.jpg,Ceremony,rachelzach-415.jpg,,,
Ceremony/rachelzach-417.jpg,Ceremony,rachelzach-417.jpg,,,
Ceremony/rachelzach-420.jpg,Ceremony,rachelzach-420.jpg,,,
Ceremony Details/rachelzach-181.jpg,Ceremony Details,rachelzach-181.jpg,,,
Ceremony Details/rachelzach-182.jpg,Ceremony Details,rachelzach-182.jpg,,,
Ceremony Details/rachelzach-183.jpg,Ceremony Details,rachelzach-183.jpg,,,
Ceremony Details/rachelzach-184.jpg,Ceremony Details,rachelzach-184.jpg,,,
Ceremony Details/rachelzach-185.jpg,Ceremony Details,rachelzach-185.jpg,,,
Ceremony Details/rachelzach-186.jpg,Ceremony Details,rachelzach-186.jpg,,,
Ceremony Details/rachelzach-187.jpg,Ceremony Details,rachelzach-187.jpg,,,
Ceremony Details/rachelzach-188.jpg,Ceremony Details,rachelzach-188.jpg,,,
Ceremony Details/rachelzach-189.jpg,Ceremony Details,rachelzach-189.jpg,,,
Ceremony Details/rachelzach-190.jpg,Ceremony Details,rachelzach-190.jpg,,,
Ceremony Details/rachelzach-191.jpg,Ceremony Details,rachelzach-191.jpg,,,
Ceremony Details/rachelzach-192.jpg,Ceremony Details,rachelzach-192.jpg,,,
Ceremony Details/rachelzach-193.jpg,Ceremony Details,rachelzach-193.jpg,,,
Ceremony Details/rachelzach-194.jpg,Ceremony Details,rachelzach-194.jpg,,,
Ceremony Details/rachelzach-197.jpg,Ceremony Details,rachelzach-197.jpg,,,
Ceremony Details/rachelzach-200.jpg,Ceremony Details,rachelzach-200.jpg,,,
Ceremony Details/rachelzach-201.jpg,Ceremony Details,rachelzach-201.jpg,,,
Ceremony Details/rachelzach-203.jpg,Ceremony Details,rachelzach-203.jpg,,,
Ceremony Details/rachelzach-204.jpg,Ceremony Details,rachelzach-204.jpg,,,
Ceremony Details/rachelzach-206.jpg,Ceremony Details,rachelzach-206.jpg,,,
Ceremony Details/rachelzach-207.jpg,Ceremony Details,rachelzach-207.jpg,,,
Ceremony Details/rachelzach-208.jpg,Ceremony Details,rachelzach-208.jpg,,,
Ceremony Details/rachelzach-210.jpg,Ceremony Details,rachelzach-210.jpg,,,
Ceremony Details/rachelzach-215.jpg,Ceremony Details,rachelzach-215.jpg,,,
Ceremony Details/rachelzach-222.jpg,Ceremony Details,rachelzach-222.jpg,,,
Ceremony Details/rachelzach-223.jpg,Ceremony Details,rachelzach-223.jpg,,,
Ceremony Details/rachelzach-224.jpg,Ceremony Details,rachelzach-224.jpg,,,
Cocktail Hour/rachelzach-456.jpg,Cocktail Hour,rachelzach-456.jpg,,,
Cocktail Hour/rachelzach-457.jpg,Cocktail Hour,rachelzach-457.jpg,,,
Cocktail Hour/rachelzach-497.jpg,Cocktail Hour,rachelzach-497.jpg,,,
Cocktail Hour/rachelzach-498.jpg,Cocktail Hour,rachelzach-498.jpg,,,
Cocktail Hour/rachelzach-504.jpg,Cocktail Hour,rachelzach-504.jpg,,,
Cocktail Hour/rachelzach-505.jpg,Cocktail Hour,rachelzach-505.jpg,,,
Cocktail Hour/rachelzach-506.jpg,Cocktail Hour,rachelzach-506.jpg,,,
Cocktail Hour/rachelzach-507.jpg,Cocktail Hour,rachelzach-507.jpg,,,
Cocktail Hour/rachelzach-515.jpg,Cocktail Hour,rachelzach-515.jpg,,,
Cocktail Hour/rachelzach-516.jpg,Cocktail Hour,rachelzach-516.jpg,,,
Cocktail Hour/rachelzach-527.jpg,Cocktail Hour,rachelzach-527.jpg,,,
Cocktail Hour/rachelzach-533.jpg,Cocktail Hour,rachelzach-533.jpg,,,
Cocktail Hour/rachelzach-550.jpg,Cocktail Hour,rachelzach-550.jpg,,,
Cocktail Hour/rachelzach-553.jpg,Cocktail Hour,rachelzach-553.jpg,,,
Cocktail Hour/rachelzach-555.jpg,Cocktail Hour,rachelzach-555.jpg,,,
Cocktail Hour/rachelzach-557.jpg,Cocktail Hour,rachelzach-557.jpg,,,
Cocktail Hour/rachelzach-559.jpg,Cocktail Hour,rachelzach-559.jpg,,,
Cocktail Hour/rachelzach-560.jpg,Cocktail Hour,rachelzach-560.jpg,,,
Cocktail Hour/rachelzach-561.jpg,Cocktail Hour,rachelzach-561.jpg,,,
Cocktail Hour/rachelzach-562.jpg,Cocktail Hour,rachelzach-562.jpg,,,
Cocktail Hour/rachelzach-563.jpg,Cocktail Hour,rachelzach-563.jpg,,,
Cocktail Hour/rachelzach-569.jpg,Cocktail Hour,rachelzach-569.jpg,,,
Cocktail Hour/rachelzach-571.jpg,Cocktail Hour,rachelzach-571.jpg,,,
Cocktail Hour/rachelzach-572.jpg,Cocktail Hour,rachelzach-572.jpg,,,
Cocktail Hour/rachelzach-574.jpg,Cocktail Hour,rachelzach-574.jpg,,,
Cocktail Hour/rachelzach-577.jpg,Cocktail Hour,rachelzach-577.jpg,,,
Cocktail Hour/rachelzach-581.jpg,Cocktail Hour,rachelzach-581.jpg,,,
Cocktail Hour/rachelzach-585.jpg,Cocktail Hour,rachelzach-585.jpg,,,
Cocktail Hour/rachelzach-588.jpg,Cocktail Hour,rachelzach-588.jpg,,,
Cocktail Hour/rachelzach-590.jpg,Cocktail Hour,rachelzach-590.jpg,,,
Cocktail Hour/rachelzach-592.jpg,Cocktail Hour,rachelzach-592.jpg,,,
Cocktail Hour/rachelzach-597.jpg,Cocktail Hour,rachelzach-597.jpg,,,
Cocktail Hour/rachelzach-601.jpg,Cocktail Hour,rachelzach-601.jpg,,,
Cocktail Hour/rachelzach-603.jpg,Cocktail Hour,rachelzach-603.jpg,,,
Cocktail Hour/rachelzach-605.jpg,Cocktail Hour,rachelzach-605.jpg,,,
Cocktail Hour/rachelzach-606.jpg,Cocktail Hour,rachelzach-606.jpg,,,
Cocktail Hour/rachelzach-610.jpg,Cocktail Hour,rachelzach-610.jpg,,,
Cocktail Hour/rachelzach-611.jpg,Cocktail Hour,rachelzach-611.jpg,,,
Cocktail Hour/rachelzach-614.jpg,Cocktail Hour,rachelzach-614.jpg,,,
Cocktail Hour/rachelzach-616.jpg,Cocktail Hour,rachelzach-616.jpg,,,
Cocktail Hour/rachelzach-620.jpg,Cocktail Hour,rachelzach-620.jpg,,,
Cocktail Hour/rachelzach-621.jpg,Cocktail Hour,rachelzach-621.jpg,,,
Cocktail Hour/rachelzach-636.jpg,Cocktail Hour,rachelzach-636.jpg,,,
Cocktail Hour/rachelzach-637.jpg,Cocktail Hour,rachelzach-637.jpg,,,
Cocktail Hour/rachelzach-640.jpg,Cocktail Hour,rachelzach-640.jpg,,,
Cocktail Hour/rachelzach-641.jpg,Cocktail Hour,rachelzach-641.jpg,,,
Cocktail Hour/rachelzach-642.jpg,Cocktail Hour,rachelzach-642.jpg,,,
Cocktail Hour/rachelzach-643.jpg,Cocktail Hour,rachelzach-643.jpg,,,
Cocktail Hour/rachelzach-645.jpg,Cocktail Hour,rachelzach-645.jpg,,,
Cocktail Hour/rachelzach-646.jpg,Cocktail Hour,rachelzach-646.jpg,,,
Cocktail Hour/rachelzach-647.jpg,Cocktail Hour,rachelzach-647.jpg,,,
Cocktail Hour/rachelzach-650.jpg,Cocktail Hour,rachelzach-650.jpg,,,
Cocktail Hour/rachelzach-651.jpg,Cocktail Hour,rachelzach-651.jpg,,,
Cocktail Hour/rachelzach-652.jpg,Cocktail Hour,rachelzach-652.jpg,,,
Dancing/rachelzach-937.jpg,Dancing,rachelzach-937.jpg,,,
Dancing/rachelzach-941.jpg,Dancing,rachelzach-941.jpg,,,
Dancing/rachelzach-964.jpg,Dancing,rachelzach-964.jpg,,,
Dancing/rachelzach-965.jpg,Dancing,rachelzach-965.jpg,,,
Dancing/rachelzach-976.jpg,Dancing,rachelzach-976.jpg,,,
Dancing/rachelzach-977.jpg,Dancing,rachelzach-977.jpg,,,
Dancing/rachelzach-978.jpg,Dancing,rachelzach-978.jpg,,,
Dancing/rachelzach-979.jpg,Dancing,rachelzach-979.jpg,,,
Dancing/rachelzach-980.jpg,Dancing,rachelzach-980.jpg,,,
Dancing/rachelzach-981.jpg,Dancing,rachelzach-981.jpg,,,
Dancing/rachelzach-987.jpg,Dancing,rachelzach-987.jpg,,,
Dancing/rachelzach-988.jpg,Dancing,rachelzach-988.jpg,,,
Dancing/rachelzach-990.jpg,Dancing,rachelzach-990.jpg,,,
Dancing/rachelzach-992.jpg,Dancing,rachelzach-992.jpg,,,
Dancing/rachelzach-994.jpg,Dancing,rachelzach-994.jpg,,,
Dancing/rachelzach-1004.jpg,Dancing,rachelzach-1004.jpg,,,
Dancing/rachelzach-1005.jpg,Dancing,rachelzach-1005.jpg,,,
Dancing/rachelzach-1007.jpg,Dancing,rachelzach-1007.jpg,,,
Dancing/rachelzach-1008.jpg,Dancing,rachelzach-1008.jpg,,,
Dancing/rachelzach-1009.jpg,Dancing,rachelzach-1009.jpg,,,
Dancing/rachelzach-1017.jpg,Dancing,rachelzach-1017.jpg,,,
Dancing/rachelzach-1022.jpg,Dancing,rachelzach-1022.jpg,,,
Dancing/rachelzach-1023.jpg,Dancing,rachelzach-1023.jpg,,,
Dancing/rachelzach-1032.jpg,Dancing,rachelzach-1032.jpg,,,
Dancing/rachelzach-1033.jpg,Dancing,rachelzach-1033.jpg,,,
Dancing/rachelzach-1048.jpg,Dancing,rachelzach-1048.jpg,,,
Dancing/rachelzach-1049.jpg,Dancing,rachelzach-1049.jpg,,,
Dancing/rachelzach-1062.jpg,Dancing,rachelzach-1062.jpg,,,
Dancing/rachelzach-1063.jpg,Dancing,rachelzach-1063.jpg,,,
Dancing/rachelzach-1064.jpg,Dancing,rachelzach-1064.jpg,,,
Dancing/rachelzach-1065.jpg,Dancing,rachelzach-1065.jpg,,,
Dancing/rachelzach-1066.jpg,Dancing,rachelzach-1066.jpg,,,
Dancing/rachelzach-1067.jpg,Dancing,rachelzach-1067.jpg,,,
Dancing/rachelzach-1068.jpg,Dancing,rachelzach-1068.jpg,,,
Dancing/rachelzach-1070.jpg,Dancing,rachelzach-1070.jpg,,,
Dancing/rachelzach-1074.jpg,Dancing,rachelzach-1074.jpg,,,
Dancing/rachelzach-1076.jpg,Dancing,rachelzach-1076.jpg,,,
Dancing/rachelzach-1083.jpg,Dancing,rachelzach-1083.jpg,,,
Dancing/rachelzach-1090.jpg,Dancing,rachelzach-1090.jpg,,,
Day 1/rachelzachday1-2.jpg,Day 1,rachelzachday1-2.jpg,,,
Day 1/rachelzachday1-3.jpg,Day 1,rachelzachday1-3.jpg,,,
Day 1/rachelzachday1-4.jpg,Day 1,rachelzachday1-4.jpg,,,
Day 1/rachelzachday1-5.jpg,Day 1,rachelzachday1-5.jpg,,,
Day 1/rachelzachday1-6.jpg,Day 1,rachelzachday1-6.jpg,,,
Day 1/rachelzachday1-7.jpg,Day 1,rachelzachday1-7.jpg,,,
Day 1/rachelzachday1-8.jpg,Day 1,rachelzachday1-8.jpg,,,
Day 1/rachelzachday1-28.jpg,Day 1,rachelzachday1-28.jpg,,,
Day 1/rachelzachday1-31.jpg,Day 1,rachelzachday1-31.jpg,,,
Day 1/rachelzachday1-35.jpg,Day 1,rachelzachday1-35.jpg,,,
Day 1/rachelzachday1-44.jpg,Day 1,rachelzachday1-44.jpg,,,
Day 1/rachelzachday1-46.jpg,Day 1,rachelzachday1-46.jpg,,,
Day 1/rachelzachday1-47.jpg,Day 1,rachelzachday1-47.jpg,,,
Day 1/rachelzachday1-53.jpg,Day 1,rachelzachday1-53.jpg,,,
Day 1/rachelzachday1-56.jpg,Day 1,rachelzachday1-56.jpg,,,
Day 1/rachelzachday1-57.jpg,Day 1,rachelzachday1-57.jpg,,,
Day 1/rachelzachday1-58.jpg,Day 1,rachelzachday1-58.jpg,,,
Day 1/rachelzachday1-59.jpg,Day 1,rachelzachday1-59.jpg,,,
Day 1/rachelzachday1-61.jpg,Day 1,rachelzachday1-61.jpg,,,
Day 1/rachelzachday1-63.jpg,Day 1,rachelzachday1-63.jpg,,,
Day 1/rachelzachday1-65.jpg,Day 1,rachelzachday1-65.jpg,,,
Day 1/rachelzachday1-71.jpg,Day 1,rachelzachday1-71.jpg,,,
Day 1/rachelzachday1-78.jpg,Day 1,rachelzachday1-78.jpg,,,
Day 1/rachelzachday1-80.jpg,Day 1,rachelzachday1-80.jpg,,,
Day 1/rachelzachday1-81.jpg,Day 1,rachelzachday1-81.jpg,,,
Day 1/rachelzachday1-82.jpg,Day 1,rachelzachday1-82.jpg,,,
Day 1/rachelzachday1-85.jpg,Day 1,rachelzachday1-85.jpg,,,
Day 1/rachelzachday1-86.jpg,Day 1,rachelzachday1-86.jpg,,,
Day 1/rachelzachday1-91.jpg,Day 1,rachelzachday1-91.jpg,,,
Day 1/rachelzachday1-92.jpg,Day 1,rachelzachday1-92.jpg,,,
Day 1/rachelzachday1-94.jpg,Day 1,rachelzachday1-94.jpg,,,
Day 1/rachelzachday1-96.jpg,Day 1,rachelzachday1-96.jpg,,,
Day 1/rachelzachday1-97.jpg,Day 1,rachelzachday1-97.jpg,,,
Day 1/rachelzachday1-98.jpg,Day 1,rachelzachday1-98.jpg,,,
Day 1/rachelzachday1-99.jpg,Day 1,rachelzachday1-99.jpg,,,
Day 1/rachelzachday1-100.jpg,Day 1,rachelzachday1-100.jpg,,,
Day 1/rachelzachday1-103.jpg,Day 1,rachelzachday1-103.jpg,,,
Day 1/rachelzachday1-105.jpg,Day 1,rachelzachday1-105.jpg,,,
Day 1/rachelzachday1-113.jpg,Day 1,rachelzachday1-113.jpg,,,
Day 1/rachelzachday1-116.jpg,Day 1,rachelzachday1-116.jpg,,,
Day 1/rachelzachday1-119.jpg,Day 1,rachelzachday1-119.jpg,,,
Day 1/rachelzachday1-120.jpg,Day 1,rachelzachday1-120.jpg,,,
Day 1/rachelzachday1-124.jpg,Day 1,rachelzachday1-124.jpg,,,
Day 1/rachelzachday1-127.jpg,Day 1,rachelzachday1-127.jpg,,,
Day 1/rachelzachday1-128.jpg,Day 1,rachelzachday1-128.jpg,,,
Day 1/rachelzachday1-131.jpg,Day 1,rachelzachday1-131.jpg,,,
Day 1/rachelzachday1-132.jpg,Day 1,rachelzachday1-132.jpg,,,
Day 1/rachelzachday1-134.jpg,Day 1,rachelzachday1-134.jpg,,,
Day 1/rachelzachday1-139.jpg,Day 1,rachelzachday1-139.jpg,,,
Day 1/rachelzachday1-146.jpg,Day 1,rachelzachday1-146.jpg,,,
Day 1/rachelzachday1-149.jpg,Day 1,rachelzachday1-149.jpg,,,
Day 1/rachelzachday1-151.jpg,Day 1,rachelzachday1-151.jpg,,,
Day 1/rachelzachday1-154.jpg,Day 1,rachelzachday1-154.jpg,,,
Day 1/rachelzachday1-155.jpg,Day 1,rachelzachday1-155.jpg,,,
Day 1/rachelzachday1-156.jpg,Day 1,rachelzachday1-156.jpg,,,
Day 1/rachelzachday1-164.jpg,Day 1,rachelzachday1-164.jpg,,,
Day 1/rachelzachday1-170.jpg,Day 1,rachelzachday1-170.jpg,,,
Day 1/rachelzachday1-173.jpg,Day 1,rachelzachday1-173.jpg,,,
Day 1/rachelzachday1-192.jpg,Day 1,rachelzachday1-192.jpg,,,
Day 1/rachelzachday1-193.jpg,Day 1,rachelzachday1-193.jpg,,,
Day 1/rachelzachday1-196.jpg,Day 1,rachelzachday1-196.jpg,,,
Day 1/rachelzachday1-199.jpg,Day 1,rachelzachday1-199.jpg,,,
Day 1/rachelzachday1-200.jpg,Day 1,rachelzachday1-200.jpg,,,
Day 1/rachelzachday1-205.jpg,Day 1,rachelzachday1-205.jpg,,,
Day 1/rachelzachday1-206.jpg,Day 1,rachelzachday1-206.jpg,,,
Day 1/rachelzachday1-211.jpg,Day 1,rachelzachday1-211.jpg,,,
Day 1/rachelzachday1-216.jpg,Day 1,rachelzachday1-216.jpg,,,
Day 1/rachelzachday1-223.jpg,Day 1,rachelzachday1-223.jpg,,,
Day 1/rachelzachday1-251.jpg,Day 1,rachelzachday1-251.jpg,,,
Day 1/rachelzachday1-252.jpg,Day 1,rachelzachday1-252.jpg,,,
Day 1/rachelzachday1-253.jpg,Day 1,rachelzachday1-253.jpg,,,
Day 1/rachelzachday1-254.jpg,Day 1,rachelzachday1-254.jpg,,,
Day 1/rachelzachday1-261.jpg,Day 1,rachelzachday1-261.jpg,,,
Day 1/rachelzachday1-287.jpg,Day 1,rachelzachday1-287.jpg,,,
Day 1/rachelzachday1-300.jpg,Day 1,rachelzachday1-300.jpg,,,
Day 1/rachelzachday1-304.jpg,Day 1,rachelzachday1-304.jpg,,,
Day 1/rachelzachday1.jpg,Day 1,rachelzachday1.jpg,,,
Film/rachelzachfilm-2.jpg,Film,rachelzachfilm-2.jpg,,,
Film/rachelzachfilm-4.jpg,Film,rachelzachfilm-4.jpg,,,
Film/rachelzachfilm-9.jpg,Film,rachelzachfilm-9.jpg,,,
Film/rachelzachfilm-17.jpg,Film,rachelzachfilm-17.jpg,,,
Film/rachelzachfilm-23.jpg,Film,rachelzachfilm-23.jpg,,,
Film/rachelzachfilm-31.jpg,Film,rachelzachfilm-31.jpg,,,
Film/rachelzachfilm-32.jpg,Film,rachelzachfilm-32.jpg,,,
Film/rachelzachfilm-33.jpg,Film,rachelzachfilm-33.jpg,,,
Film/rachelzachfilm-34.jpg,Film,rachelzachfilm-34.jpg,,,
Film/rachelzachfilm-35.jpg,Film,rachelzachfilm-35.jpg,,,
Film/rachelzachfilm-36.jpg,Film,rachelzachfilm-36.jpg,,,
Film/rachelzachfilm-37.jpg,Film,rachelzachfilm-37.jpg,,,
Film/rachelzachfilm-38.jpg,Film,rachelzachfilm-38.jpg,,,
Film/rachelzachfilm-39.jpg,Film,rachelzachfilm-39.jpg,,,
Film/rachelzachfilm-41.jpg,Film,rachelzachfilm-41.jpg,,,
Film/rachelzachfilm-44.jpg,Film,rachelzachfilm-44.jpg,,,
Film/rachelzachfilm-45.jpg,Film,rachelzachfilm-45.jpg,,,
Film/rachelzachfilm-57.jpg,Film,rachelzachfilm-57.jpg,,,
Film/rachelzachfilm-58.jpg,Film,rachelzachfilm-58.jpg,,,
Film/rachelzachfilm-60.jpg,Film,rachelzachfilm-60.jpg,,,
Film/rachelzachfilm-62.jpg,Film,rachelzachfilm-62.jpg,,,
Film/rachelzachfilm-68.jpg,Film,rachelzachfilm-68.jpg,,,
Film/rachelzachfilm-71.jpg,Film,rachelzachfilm-71.jpg,,,
Film/rachelzachfilm-96.jpg,Film,rachelzachfilm-96.jpg,,,
Film/rachelzachfilm-98.jpg,Film,rachelzachfilm-98.jpg,,,
Film/rachelzachfilm-99.jpg,Film,rachelzachfilm-99.jpg,,,
Film/rachelzachfilm-100.jpg,Film,rachelzachfilm-100.jpg,,,
Film/rachelzachfilm-102.jpg,Film,rachelzachfilm-102.jpg,,,
Film/rachelzachfilm-103.jpg,Film,rachelzachfilm-103.jpg,,,
Film/rachelzachfilm-104.jpg,Film,rachelzachfilm-104.jpg,,,
Film/rachelzachfilm-105.jpg,Film,rachelzachfilm-105.jpg,,,
Film/rachelzachfilm-106.jpg,Film,rachelzachfilm-106.jpg,,,
Film/rachelzachfilm-107.jpg,Film,rachelzachfilm-107.jpg,,,
Film/rachelzachfilm-108.jpg,Film,rachelzachfilm-108.jpg,,,
Film/rachelzachfilm-110.jpg,Film,rachelzachfilm-110.jpg,,,
Film/rachelzachfilm-112.jpg,Film,rachelzachfilm-112.jpg,,,
Film/rachelzachfilm-113.jpg,Film,rachelzachfilm-113.jpg,,,
Film/rachelzachfilm-114.jpg,Film,rachelzachfilm-114.jpg,,,
Film/rachelzachfilm-115.jpg,Film,rachelzachfilm-115.jpg,,,
Film/rachelzachfilm-116.jpg,Film,rachelzachfilm-116.jpg,,,
Film/rachelzachfilm-117.jpg,Film,rachelzachfilm-117.jpg,,,
Film/rachelzachfilm-118.jpg,Film,rachelzachfilm-118.jpg,,,
Film/rachelzachfilm-125.jpg,Film,rachelzachfilm-125.jpg,,,
Film/rachelzachfilm-126.jpg,Film,rachelzachfilm-126.jpg,,,
Film/rachelzachfilm-127.jpg,Film,rachelzachfilm-127.jpg,,,
Film/rachelzachfilm-128.jpg,Film,rachelzachfilm-128.jpg,,,
Film/rachelzachfilm-131.jpg,Film,rachelzachfilm-131.jpg,,,
Film/rachelzachfilm-135.jpg,Film,rachelzachfilm-135.jpg,,,
Film/rachelzachfilm-147.jpg,Film,rachelzachfilm-147.jpg,,,
Film/rachelzachfilm-152.jpg,Film,rachelzachfilm-152.jpg,,,
Film/rachelzachfilm-155.jpg,Film,rachelzachfilm-155.jpg,,,
Film/rachelzachfilm-157.jpg,Film,rachelzachfilm-157.jpg,,,
Film/rachelzachfilm-159.jpg,Film,rachelzachfilm-159.jpg,,,
Film/rachelzachfilm-160.jpg,Film,rachelzachfilm-160.jpg,,,
Film/rachelzachfilm-161.jpg,Film,rachelzachfilm-161.jpg,,,
Film/rachelzachfilm-164.jpg,Film,rachelzachfilm-164.jpg,,,
Film/rachelzachfilm-165.jpg,Film,rachelzachfilm-165.jpg,,,
Film/rachelzachfilm-166.jpg,Film,rachelzachfilm-166.jpg,,,
Film/rachelzachfilm-168.jpg,Film,rachelzachfilm-168.jpg,,,
Film/rachelzachfilm-170.jpg,Film,rachelzachfilm-170.jpg,,,
Film/rachelzachfilm-172.jpg,Film,rachelzachfilm-172.jpg,,,
Film/rachelzachfilm-173.jpg,Film,rachelzachfilm-173.jpg,,,
Film/rachelzachfilm-175.jpg,Film,rachelzachfilm-175.jpg,,,
Film/rachelzachfilm-176.jpg,Film,rachelzachfilm-176.jpg,,,
Film/rachelzachfilm-177.jpg,Film,rachelzachfilm-177.jpg,,,
Film/rachelzachfilm-178.jpg,Film,rachelzachfilm-178.jpg,,,
Film/rachelzachfilm-180.jpg,Film,rachelzachfilm-180.jpg,,,
Film/rachelzachfilm-181.jpg,Film,rachelzachfilm-181.jpg,,,
Film/rachelzachfilm-182.jpg,Film,rachelzachfilm-182.jpg,,,
Film/rachelzachfilm-183.jpg,Film,rachelzachfilm-183.jpg,,,
Film/rachelzachfilm-184.jpg,Film,rachelzachfilm-184.jpg,,,
Film/rachelzachfilm-185.jpg,Film,rachelzachfilm-185.jpg,,,
Film/rachelzachfilm-186.jpg,Film,rachelzachfilm-186.jpg,,,
Film/rachelzachfilm-187.jpg,Film,rachelzachfilm-187.jpg,,,
Film/rachelzachfilm-188.jpg,Film,rachelzachfilm-188.jpg,,,
Film/rachelzachfilm-189.jpg,Film,rachelzachfilm-189.jpg,,,
Film/rachelzachfilm-190.jpg,Film,rachelzachfilm-190.jpg,,,
Film/rachelzachfilm-191.jpg,Film,rachelzachfilm-191.jpg,,,
Film/rachelzachfilm-192.jpg,Film,rachelzachfilm-192.jpg,,,
Film/rachelzachfilm-193.jpg,Film,rachelzachfilm-193.jpg,,,
Film/rachelzachfilm-194.jpg,Film,rachelzachfilm-194.jpg,,,
Film/rachelzachfilm-195.jpg,Film,rachelzachfilm-195.jpg,,,
Film/rachelzachfilm-197.jpg,Film,rachelzachfilm-197.jpg,,,
Film/rachelzachfilm-198.jpg,Film,rachelzachfilm-198.jpg,,,
Film/rachelzachfilm-201.jpg,Film,rachelzachfilm-201.jpg,,,
Film/rachelzachfilm-203.jpg,Film,rachelzachfilm-203.jpg,,,
Film/rachelzachfilm-207.jpg,Film,rachelzachfilm-207.jpg,,,
Film/rachelzachfilm-210.jpg,Film,rachelzachfilm-210.jpg,,,
Film/rachelzachfilm-212.jpg,Film,rachelzachfilm-212.jpg,,,
Film/rachelzachfilm-213.jpg,Film,rachelzachfilm-213.jpg,,,
Film/rachelzachfilm-216.jpg,Film,rachelzachfilm-216.jpg,,,
Film/rachelzachfilm-217.jpg,Film,rachelzachfilm-217.jpg,,,
Film/rachelzachfilm-219.jpg,Film,rachelzachfilm-219.jpg,,,
Film/rachelzachfilm-220.jpg,Film,rachelzachfilm-220.jpg,,,
Film/rachelzachfilm-222.jpg,Film,rachelzachfilm-222.jpg,,,
Film/rachelzachfilm-223.jpg,Film,rachelzachfilm-223.jpg,,,
Film/rachelzachfilm-224.jpg,Film,rachelzachfilm-224.jpg,,,
Film/rachelzachfilm-226.jpg,Film,rachelzachfilm-226.jpg,,,
Film/rachelzachfilm-228.jpg,Film,rachelzachfilm-228.jpg,,,
Film/rachelzachfilm-229.jpg,Film,rachelzachfilm-229.jpg,,,
Film/rachelzachfilm-230.jpg,Film,rachelzachfilm-230.jpg,,,
Film/rachelzachfilm-241.jpg,Film,rachelzachfilm-241.jpg,,,
Film/rachelzachfilm-243.jpg,Film,rachelzachfilm-243.jpg,,,
Film/rachelzachfilm-244.jpg,Film,rachelzachfilm-244.jpg,,,
Film/rachelzachfilm-245.jpg,Film,rachelzachfilm-245.jpg,,,
Film/rachelzachfilm.jpg,Film,rachelzachfilm.jpg,,,
Friends & Family/rachelzach-465.jpg,Friends & Family,rachelzach-465.jpg,,,
Friends & Family/rachelzach-466.jpg,Friends & Family,rachelzach-466.jpg,,,
Friends & Family/rachelzach-490.jpg,Friends & Family,rachelzach-490.jpg,,,
Getting Ready/rachelzach-2.jpg,Getting Ready,rachelzach-2.jpg,,,
Getting Ready/rachelzach-3.jpg,Getting Ready,rachelzach-3.jpg,,,
Getting Ready/rachelzach-7.jpg,Getting Ready,rachelzach-7.jpg,,,
Getting Ready/rachelzach-11.jpg,Getting Ready,rachelzach-11.jpg,,,
Getting Ready/rachelzach-12.jpg,Getting Ready,rachelzach-12.jpg,,,
Getting Ready/rachelzach-13.jpg,Getting Ready,rachelzach-13.jpg,,,
Getting Ready/rachelzach-18.jpg,Getting Ready,rachelzach-18.jpg,,,
Getting Ready/rachelzach-21.jpg,Getting Ready,rachelzach-21.jpg,,,
Getting Ready/rachelzach-31.jpg,Getting Ready,rachelzach-31.jpg,,,
Getting Ready/rachelzach-32.jpg,Getting Ready,rachelzach-32.jpg,,,
Getting Ready/rachelzach-33.jpg,Getting Ready,rachelzach-33.jpg,,,
Getting Ready/rachelzach-58.jpg,Getting Ready,rachelzach-58.jpg,,,
Getting Ready/rachelzach.jpg,Getting Ready,rachelzach.jpg,,,
Reception/rachelzach-657.jpg,Reception,rachelzach-657.jpg,,,
Reception/rachelzach-658.jpg,Reception,rachelzach-658.jpg,,,
Reception/rachelzach-661.jpg,Reception,rachelzach-661.jpg,,,
Reception/rachelzach-665.jpg,Reception,rachelzach-665.jpg,,,
Reception/rachelzach-666.jpg,Reception,rachelzach-666.jpg,,,
Reception/rachelzach-668.jpg,Reception,rachelzach-668.jpg,,,
Reception/rachelzach-672.jpg,Reception,rachelzach-672.jpg,,,
Reception/rachelzach-673.jpg,Reception,rachelzach-673.jpg,,,
Reception/rachelzach-674.jpg,Reception,rachelzach-674.jpg,,,
Reception/rachelzach-676.jpg,Reception,rachelzach-676.jpg,,,
Reception/rachelzach-677.jpg,Reception,rachelzach-677.jpg,,,
Reception/rachelzach-688.jpg,Reception,rachelzach-688.jpg,,,
Reception/rachelzach-696.jpg,Reception,rachelzach-696.jpg,,,
Reception/rachelzach-706.jpg,Reception,rachelzach-706.jpg,,,
Reception/rachelzach-708.jpg,Reception,rachelzach-708.jpg,,,
Reception/rachelzach-718.jpg,Reception,rachelzach-718.jpg,,,
Reception/rachelzach-735.jpg,Reception,rachelzach-735.jpg,,,
Reception/rachelzach-736.jpg,Reception,rachelzach-736.jpg,,,
Reception/rachelzach-738.jpg,Reception,rachelzach-738.jpg,,,
Reception/rachelzach-740.jpg,Reception,rachelzach-740.jpg,,,
Reception/rachelzach-744.jpg,Reception,rachelzach-744.jpg,,,
Reception/rachelzach-745.jpg,Reception,rachelzach-745.jpg,,,
Reception/rachelzach-747.jpg,Reception,rachelzach-747.jpg,,,
Reception/rachelzach-748.jpg,Reception,rachelzach-748.jpg,,,
Reception/rachelzach-750.jpg,Reception,rachelzach-750.jpg,,,
Reception/rachelzach-751.jpg,Reception,rachelzach-751.jpg,,,
Reception/rachelzach-753.jpg,Reception,rachelzach-753.jpg,,,
Reception/rachelzach-756.jpg,Reception,rachelzach-756.jpg,,,
Reception/rachelzach-757.jpg,Reception,rachelzach-757.jpg,,,
Reception/rachelzach-758.jpg,Reception,rachelzach-758.jpg,,,
Reception/rachelzach-813.jpg,Reception,rachelzach-813.jpg,,,
Reception/rachelzach-814.jpg,Reception,rachelzach-814.jpg,,,
Reception/rachelzach-815.jpg,Reception,rachelzach-815.jpg,,,
Reception/rachelzach-817.jpg,Reception,rachelzach-817.jpg,,,
Reception/rachelzach-818.jpg,Reception,rachelzach-818.jpg,,,
Reception/rachelzach-827.jpg,Reception,rachelzach-827.jpg,,,
Reception/rachelzach-833.jpg,Reception,rachelzach-833.jpg,,,
Reception/rachelzach-837.jpg,Reception,rachelzach-837.jpg,,,
Reception/rachelzach-840.jpg,Reception,rachelzach-840.jpg,,,
Reception/rachelzach-846.jpg,Reception,rachelzach-846.jpg,,,
Reception/rachelzach-852.jpg,Reception,rachelzach-852.jpg,,,
Reception/rachelzach-862.jpg,Reception,rachelzach-862.jpg,,,
Reception/rachelzach-863.jpg,Reception,rachelzach-863.jpg,,,
Reception/rachelzach-864.jpg,Reception,rachelzach-864.jpg,,,
Reception/rachelzach-865.jpg,Reception,rachelzach-865.jpg,,,
Reception/rachelzach-866.jpg,Reception,rachelzach-866.jpg,,,
Reception/rachelzach-870.jpg,Reception,rachelzach-870.jpg,,,
Reception/rachelzach-871.jpg,Reception,rachelzach-871.jpg,,,
Reception/rachelzach-872.jpg,Reception,rachelzach-872.jpg,,,
Reception/rachelzach-873.jpg,Reception,rachelzach-873.jpg,,,
Reception/rachelzach-874.jpg,Reception,rachelzach-874.jpg,,,
Reception/rachelzach-875.jpg,Reception,rachelzach-875.jpg,,,
Reception/rachelzach-876.jpg,Reception,rachelzach-876.jpg,,,
Reception/rachelzach-877.jpg,Reception,rachelzach-877.jpg,,,
Reception/rachelzach-878.jpg,Reception,rachelzach-878.jpg,,,
Reception/rachelzach-884.jpg,Reception,rachelzach-884.jpg,,,
Reception/rachelzach-887.jpg,Reception,rachelzach-887.jpg,,,
Reception/rachelzach-892.jpg,Reception,rachelzach-892.jpg,,,
Reception/rachelzach-893.jpg,Reception,rachelzach-893.jpg,,,
Reception/rachelzach-894.jpg,Reception,rachelzach-894.jpg,,,
Reception/rachelzach-895.jpg,Reception,rachelzach-895.jpg,,,
Reception/rachelzach-898.jpg,Reception,rachelzach-898.jpg,,,
Reception/rachelzach-919.jpg,Reception,rachelzach-919.jpg,,,
Reception/rachelzach-920.jpg,Reception,rachelzach-920.jpg,,,
Reception/rachelzach-922.jpg,Reception,rachelzach-922.jpg,,,
Reception/rachelzach-926.jpg,Reception,rachelzach-926.jpg,,,
Reception/rachelzach-929.jpg,Reception,rachelzach-929.jpg,,,
Reception Details/rachelzach-509.jpg,Reception Details,rachelzach-509.jpg,,,
Reception Details/rachelzach-510.jpg,Reception Details,rachelzach-510.jpg,,,
Reception Details/rachelzach-511.jpg,Reception Details,rachelzach-511.jpg,,,
Reception Details/rachelzach-512.jpg,Reception Details,rachelzach-512.jpg,,,
Reception Details/rachelzach-513.jpg,Reception Details,rachelzach-513.jpg,,,
Reception Details/rachelzach-514.jpg,Reception Details,rachelzach-514.jpg,,,
Reception Details/rachelzach-517.jpg,Reception Details,rachelzach-517.jpg,,,
Reception Details/rachelzach-518.jpg,Reception Details,rachelzach-518.jpg,,,
Reception Details/rachelzach-519.jpg,Reception Details,rachelzach-519.jpg,,,
Reception Details/rachelzach-520.jpg,Reception Details,rachelzach-520.jpg,,,
Reception Details/rachelzach-521.jpg,Reception Details,rachelzach-521.jpg,,,
Reception Details/rachelzach-522.jpg,Reception Details,rachelzach-522.jpg,,,
Reception Details/rachelzach-523.jpg,Reception Details,rachelzach-523.jpg,,,
Reception Details/rachelzach-524.jpg,Reception Details,rachelzach-524.jpg,,,
Reception Details/rachelzach-525.jpg,Reception Details,rachelzach-525.jpg,,,
Reception Details/rachelzach-528.jpg,Reception Details,rachelzach-528.jpg,,,
Reception Details/rachelzach-529.jpg,Reception Details,rachelzach-529.jpg,,,
Reception Details/rachelzach-530.jpg,Reception Details,rachelzach-530.jpg,,,
Reception Details/rachelzach-531.jpg,Reception Details,rachelzach-531.jpg,,,
Reception Details/rachelzach-532.jpg,Reception Details,rachelzach-532.jpg,,,
Reception Details/rachelzach-534.jpg,Reception Details,rachelzach-534.jpg,,,
Reception Details/rachelzach-535.jpg,Reception Details,rachelzach-535.jpg,,,
Reception Details/rachelzach-536.jpg,Reception Details,rachelzach-536.jpg,,,
Reception Details/rachelzach-537.jpg,Reception Details,rachelzach-537.jpg,,,
Reception Details/rachelzach-538.jpg,Reception Details,rachelzach-538.jpg,,,
Reception Details/rachelzach-539.jpg,Reception Details,rachelzach-539.jpg,,,
Reception Details/rachelzach-540.jpg,Reception Details,rachelzach-540.jpg,,,
Reception Details/rachelzach-541.jpg,Reception Details,rachelzach-541.jpg,,,
Reception Details/rachelzach-542.jpg,Reception Details,rachelzach-542.jpg,,,
Reception Details/rachelzach-543.jpg,Reception Details,rachelzach-543.jpg,,,
Reception Details/rachelzach-544.jpg,Reception Details,rachelzach-544.jpg,,,
Reception Details/rachelzach-545.jpg,Reception Details,rachelzach-545.jpg,,,
Reception Details/rachelzach-546.jpg,Reception Details,rachelzach-546.jpg,,,
Reception Details/rachelzach-547.jpg,Reception Details,rachelzach-547.jpg,,,
Reception Details/rachelzach-548.jpg,Reception Details,rachelzach-548.jpg,,,
Reception Details/rachelzach-629.jpg,Reception Details,rachelzach-629.jpg,,,
Reception Details/rachelzach-630.jpg,Reception Details,rachelzach-630.jpg,,,
Reception Details/rachelzach-631.jpg,Reception Details,rachelzach-631.jpg,,,
Reception Details/rachelzach-653.jpg,Reception Details,rachelzach-653.jpg,,,
Sneak Peek/1. RachelZach-5.jpg,Sneak Peek,1. RachelZach-5.jpg,,,
Sneak Peek/1. RachelZach-10.jpg,Sneak Peek,1. RachelZach-10.jpg,,,
Sneak Peek/1. RachelZach-11.jpg,Sneak Peek,1. RachelZach-11.jpg,,,
Sneak Peek/1. RachelZach-13.jpg,Sneak Peek,1. RachelZach-13.jpg,,,
Sneak Peek/1. RachelZach-21.jpg,Sneak Peek,1. RachelZach-21.jpg,,,
Sneak Peek/1. RachelZach-27.jpg,Sneak Peek,1. RachelZach-27.jpg,,,
Sneak Peek/1. RachelZach-29.jpg,Sneak Peek,1. RachelZach-29.jpg,,,
Sneak Peek/1. RachelZach-32.jpg,Sneak Peek,1. RachelZach-32.jpg,,,
Sneak Peek/1. RachelZach-33.jpg,Sneak Peek,1. RachelZach-33.jpg,,,
Sneak Peek/1. RachelZach-36.jpg,Sneak Peek,1. RachelZach-36.jpg,,,
Sneak Peek/1. RachelZach-37.jpg,Sneak Peek,1. RachelZach-37.jpg,,,
Sneak Peek/1. RachelZach-38.jpg,Sneak Peek,1. RachelZach-38.jpg,,,
Sneak Peek/1. RachelZach-47.jpg,Sneak Peek,1. RachelZach-47.jpg,,,
Sneak Peek/1. RachelZach-58.jpg,Sneak Peek,1. RachelZach-58.jpg,,,
Sneak Peek/1. RachelZach.jpg,Sneak Peek,1. RachelZach.jpg,,,
Sneak Peek/RachelZach-8.jpg,Sneak Peek,RachelZach-8.jpg,,,
Sneak Peek/RachelZach-21.jpg,Sneak Peek,RachelZach-21.jpg,,,
Sneak Peek/RachelZach-28.jpg,Sneak Peek,RachelZach-28.jpg,,,
Sneak Peek/RachelZach-29.jpg,Sneak Peek,RachelZach-29.jpg,,,
Sneak Peek/RachelZach-36.jpg,Sneak Peek,RachelZach-36.jpg,,,
Sneak Peek/RachelZach-43.jpg,Sneak Peek,RachelZach-43.jpg,,,
Sneak Peek/RachelZach-44.jpg,Sneak Peek,RachelZach-44.jpg,,,
Sneak Peek/RachelZach-45.jpg,Sneak Peek,RachelZach-45.jpg,,,
Sneak Peek/RachelZach-46.jpg,Sneak Peek,RachelZach-46.jpg,,,
Sneak Peek/RachelZach-47.jpg,Sneak Peek,RachelZach-47.jpg,,,
Sneak Peek/RachelZach-48.jpg,Sneak Peek,RachelZach-48.jpg,,,
Sneak Peek/RachelZach-49.jpg,Sneak Peek,RachelZach-49.jpg,,,
Sneak Peek/RachelZach-50.jpg,Sneak Peek,RachelZach-50.jpg,,,
Sneak Peek/RachelZach-51.jpg,Sneak Peek,RachelZach-51.jpg,,,
Sneak Peek/RachelZach-52.jpg,Sneak Peek,RachelZach-52.jpg,,,
Sneak Peek/RachelZach-54.jpg,Sneak Peek,RachelZach-54.jpg,,,
Sneak Peek/RachelZach-56.jpg,Sneak Peek,RachelZach-56.jpg,,,
Sneak Peek/RachelZach-59.jpg,Sneak Peek,RachelZach-59.jpg,,,
Sneak Peek/RachelZach-62.jpg,Sneak Peek,RachelZach-62.jpg,,,
Sneak Peek/RachelZach-69.jpg,Sneak Peek,RachelZach-69.jpg,,,
Sneak Peek/RachelZach-85.jpg,Sneak Peek,RachelZach-85.jpg,,,
Sneak Peek/RachelZach-87.jpg,Sneak Peek,RachelZach-87.jpg,,,
Sneak Peek/RachelZach-89.jpg,Sneak Peek,RachelZach-89.jpg,,,
Sneak Peek/RachelZach-91.jpg,Sneak Peek,RachelZach-91.jpg,,,
Sneak Peek/RachelZach-92.jpg,Sneak Peek,RachelZach-92.jpg,,,
Sneak Peek/RachelZach-93.jpg,Sneak Peek,RachelZach-93.jpg,,,
Sneak Peek/RachelZach-94.jpg,Sneak Peek,RachelZach-94.jpg,,,
Sneak Peek/RachelZach-95.jpg,Sneak Peek,RachelZach-95.jpg,,,
Sneak Peek/RachelZach-96.jpg,Sneak Peek,RachelZach-96.jpg,,,
Sneak Peek/RachelZach-97.jpg,Sneak Peek,RachelZach-97.jpg,,,
Sneak Peek/RachelZach-98.jpg,Sneak Peek,RachelZach-98.jpg,,,
Sneak Peek/RachelZach-99.jpg,Sneak Peek,RachelZach-99.jpg,,,
Sneak Peek/RachelZach-100.jpg,Sneak Peek,RachelZach-100.jpg,,,
Sneak Peek/RachelZach-101.jpg,Sneak Peek,RachelZach-101.jpg,,,
Sneak Peek/RachelZach-104.jpg,Sneak Peek,RachelZach-104.jpg,,,
Sneak Peek/RachelZach-107.jpg,Sneak Peek,RachelZach-107.jpg,,,
Sneak Peek/RachelZach-108.jpg,Sneak Peek,RachelZach-108.jpg,,,
Sneak Peek/RachelZach-113.jpg,Sneak Peek,RachelZach-113.jpg,,,
Sneak Peek/RachelZach-115.jpg,Sneak Peek,RachelZach-115.jpg,,,
Sneak Peek/RachelZach-128.jpg,Sneak Peek,RachelZach-128.jpg,,,
Sneak Peek/RachelZach-131.jpg,Sneak Peek,RachelZach-131.jpg,,,
Sneak Peek/RachelZach-135.jpg,Sneak Peek,RachelZach-135.jpg,,,
Sneak Peek/RachelZach-139.jpg,Sneak Peek,RachelZach-139.jpg,,,
Sneak Peek/RachelZach-140.jpg,Sneak Peek,RachelZach-140.jpg,,,
Sneak Peek/RachelZach-145.jpg,Sneak Peek,RachelZach-145.jpg,,,
Sneak Peek/RachelZach-146.jpg,Sneak Peek,RachelZach-146.jpg,,,
Sneak Peek/RachelZach-148.jpg,Sneak Peek,RachelZach-148.jpg,,,
Sneak Peek/RachelZach-154.jpg,Sneak Peek,RachelZach-154.jpg,,,
Sneak Peek/RachelZach-155.jpg,Sneak Peek,RachelZach-155.jpg,,,
Sneak Peek/RachelZach.jpg,Sneak Peek,RachelZach.jpg,,,
Sunset/rachelzach-759.jpg,Sunset,rachelzach-759.jpg,,,
Sunset/rachelzach-762.jpg,Sunset,rachelzach-762.jpg,,,
Sunset/rachelzach-763.jpg,Sunset,rachelzach-763.jpg,,,
Sunset/rachelzach-764.jpg,Sunset,rachelzach-764.jpg,,,
Sunset/rachelzach-771.jpg,Sunset,rachelzach-771.jpg,,,
Sunset/rachelzach-773.jpg,Sunset,rachelzach-773.jpg,,,
Sunset/rachelzach-775.jpg,Sunset,rachelzach-775.jpg,,,
Sunset/rachelzach-776.jpg,Sunset,rachelzach-776.jpg,,,
Sunset/rachelzach-777.jpg,Sunset,rachelzach-777.jpg,,,
Sunset/rachelzach-778.jpg,Sunset,rachelzach-778.jpg,,,
Sunset/rachelzach-789.jpg,Sunset,rachelzach-789.jpg,,,
Sunset/rachelzach-797.jpg,Sunset,rachelzach-797.jpg,,,
Sunset/rachelzach-798.jpg,Sunset,rachelzach-798.jpg,,,
Sunset/rachelzach-799.jpg,Sunset,rachelzach-799.jpg,,,
Sunset/rachelzach-800.jpg,Sunset,rachelzach-800.jpg,,,
Sunset/rachelzach-801.jpg,Sunset,rachelzach-801.jpg,,,
Sunset/rachelzach-803.jpg,Sunset,rachelzach-803.jpg,,,
Sunset/rachelzach-804.jpg,Sunset,rachelzach-804.jpg,,,
Sunset/rachelzach-811.jpg,Sunset,rachelzach-811.jpg,,,
Sunset/rachelzach-812.jpg,Sunset,rachelzach-812.jpg,,,
